channel_id,channel_title,ugc,first_marked_at,last_updated_at
UCudldycLCzI4oEM4mcvbsEA,Tim Hague Sr.,True,2025-12-05,2025-12-05
UCPY3wSqgeErW9AI5qPLcLUA,The Amazing Race,False,2025-12-05,2025-12-05
UC8iRRJ02STiWPHW_hv-s4rg,Once Upon An Island,True,2025-12-05,2025-12-05
UC_b-YBWI-vgcjLXVir0dOJQ,CTV Television,False,2025-12-05,2025-12-05
UCVT1tPkR-fUVlO652EcO3ow,CBS Sunday Morning,False,2025-12-05,2025-12-05
UCl2axinLKd00nMBW6RTASag,Holderness Family Music,True,2025-12-05,2025-12-05
UC9k-yiEpRHMNVOnOi_aQK8w,Inside Edition,False,2025-12-05,2025-12-05
UCxo9C5qV65sXqfltCHob7rA,The Amazing Race Fan,True,2025-12-05,2025-12-05
UC4YjEKVnKXU-4Gn2h6sC4vg,Allen Douangchak,True,2025-12-05,2025-12-05
UCq0a1MKwg_l0tN56r8u1ZSA,Holderness Family Laughs,True,2025-12-05,2025-12-05
UC-D4aYtcPoU5N8H_V0bZf7A,Jake Browne,True,2025-12-05,2025-12-05
UCYNLUjN37vuzYcSuhL1Z2Pw,El deposito del Reciclador,True,2025-12-05,2025-12-05
UCo-cYYMN4rUc5zk2Kr5GTTg,RHAP: We Know Reality TV,True,2025-12-05,2025-12-05
UCqutQ8fLDGmVeLEbF4rfozg,dryedmangoez1,True,2025-12-05,2025-12-05
UCCnT-pTfZI0hhk_YGYjgyXQ,ICON TV - Aventure,False,2025-12-05,2025-12-05
UCzAzMoLwjQTuyqu2QFFzvQQ,Nateland Entertainment,True,2025-12-05,2025-12-05
UCf_TUkPGLGZRnpHc8GG3lpQ,David Fazer,True,2025-12-05,2025-12-05
UCXB2Ssmb-gExvbGyt3zf9-A,JASEN ONG CHAO WEI,True,2025-12-05,2025-12-05
UCApuRae0csBEWdZc0MMUPyQ,lembakas,True,2025-12-05,2025-12-05
UC_IpSl6O_-IRAA6fiNs05Gg,ABC,False,2025-12-08,2025-12-08
UCgCudMsK-kxYxB2RgiS3bzQ,TBS,False,2025-12-08,2025-12-08
UC34esPLxGIwJO38eFoVdU_w,Modern Family Clips,False,2025-12-08,2025-12-08
UCp0hYYBW6IMayGgR-WeoCvQ,TheEllenShow,False,2025-12-08,2025-12-08
UCuFuPMi7Cl3uIfFkUz4LTWw,Andrei Toth,True,2025-12-08,2025-12-08
UCvYM98iU44lnp3Q4aEO_BpQ,Modernclips,True,2025-12-08,2025-12-08
UCNcVZnrAoWo6QzqP8nbnYOA,modernfamillyshow,True,2025-12-08,2025-12-08
UC2pNM3Y5pwmUkk7dZv5IZ0w,SitcomFY,True,2025-12-08,2025-12-08
UC1QcX-N6r0cvuLEblnBRonA,simplylovely,True,2025-12-08,2025-12-08
UCFXOPcyDBDnmNaOUEyi2Y9g,Nawaz Zainu,True,2025-12-08,2025-12-08
UCPR1eYASWVoC90BB-kGwVlA,Modern Family Show (Fan Page),True,2025-12-08,2025-12-08
UClWCQNaggkMW7SDtS3BkEBg,Entertainment Weekly,False,2025-12-08,2025-12-08
UCPgMAS8woHJ_o_OZdTR7kcQ,Peacock,False,2025-12-08,2025-12-08
UC1lfPFNPiaxy2sdF87XiubQ,ShowVenture,True,2025-12-08,2025-12-08
UC_LmNkTFG2qYqVhZmVlqBxw,Kani,True,2025-12-08,2025-12-08
UCpHSHh82vnxA6kyJdPXUS1Q,Spider TV,True,2025-12-08,2025-12-08
UC_LwB8kqZ3IVMIkogkRsN0w,Ernesto Herrera Fuentealba,True,2025-12-08,2025-12-08
UCJcoyeUA8VRaqnuPr7M-igw,Various Rant,True,2025-12-08,2025-12-08
UCzhp-YbgGpv-JPEZHXrUgkw,Adopted Dunphy,True,2025-12-08,2025-12-08
UCxlD_2fBMO7YVzXBwEv-oiA,Sitcom Shorts,True,2025-12-08,2025-12-08
UCWqeFjRsB_MsV8qe0UTy2cQ,Shine Through Sensation,True,2025-12-08,2025-12-08
UCOHkXP4eRCcdH-XaaB9ga6A,indy100,True,2025-12-08,2025-12-08
UCJuAvdl8awzqM8F8oA0764w,Mister Assertive,True,2025-12-08,2025-12-08
UCjWc4dq9EzkD4LxkQbtwLHw,M.Tonny-Stark,True,2025-12-08,2025-12-08
UCPXPJzbYFK8moBYGd0ht6GA,dunphysfourthchild,True,2025-12-08,2025-12-08
UCgbwUSqhLgF12sNJQ8IAfPw,Funny videos and memes,True,2025-12-08,2025-12-08
UCzxPvfcewmBOBzn682AvusA,Celebs Moments ,True,2025-12-08,2025-12-08
UCDX7Vc--SP0XXlKLKpO2mrA,Dennis,True,2025-12-08,2025-12-08
UCUjUUlAoeXqmJ4vRwnMo-7A,sitcomvibe,True,2025-12-08,2025-12-08
UCRmDJhK_ocN5jXBRIEAyNXg,Comedy Central Africa,False,2025-12-08,2025-12-08
UCuG6Xxf-ueZkX0lTBxBJlWg,Showtime Bites,True,2025-12-08,2025-12-08
UCsKREHhSw3jaEt-QBK7BR2Q,Why We Watch,True,2025-12-08,2025-12-08
UCv2DR5EG-Xa1SjCanM6OHpA,PopMojo,True,2025-12-08,2025-12-08
UCsJyJz965uo0eNYvzZglO0w,Movie Kings,True,2025-12-08,2025-12-08
UC3wp9eB2CrKhDjh5dhU7blw,shorts and you,True,2025-12-08,2025-12-08
UCJrLUEvf66wyCrxq8_T9BBA,ModernRed,True,2025-12-08,2025-12-08
UCE4WZyYi-vOG4TF_m9mwyzg,Trevor Carlee,True,2025-12-08,2025-12-08
UChJevXEILr6Nm8bY3e-aEjw,Comedy Clips,True,2025-12-08,2025-12-08
UC_zP1ERCkJTwZ0SbatPJCnQ,Subankar's Shorts & Vids,True,2025-12-08,2025-12-08
UCnyQeEFgNuCIMZKb07RFIfg,ClipTeaz,True,2025-12-08,2025-12-08
UCePmba22XkZ73-LgN4PmN9g,bribelle,True,2025-12-08,2025-12-08
UCzWF1usWKi2_0z7kBUNGrpQ,Modern Family Clips,True,2025-12-08,2025-12-08
UCuq-XKAmy1gxrm5lbhb-oQQ,ᴀᴅᴇɴ,True,2025-12-08,2025-12-08
UCiKpXky5sb95uJYfIlHtPYw,r-sonnist ,True,2025-12-08,2025-12-08
UC4-hGd01KPF1i9xSWtox0JQ,The Paley Center for Media,True,2025-12-08,2025-12-08
UC4R4LcH5-mU8BHfTA17qlhQ,Ahmad Pickett,True,2025-12-08,2025-12-08
UClBKH8yZRcM4AsRjDVEdjMg,Television Academy,False,2025-12-08,2025-12-08
UCIzKvGZN703WXCbtOANr63A,dojadog,True,2025-12-08,2025-12-08
UCG1yk31Yws28YwVb8v-SFCg,SukoonKaGhar,True,2025-12-08,2025-12-08
UCx4uChz6mKyFfp939s0q1kg,blink twice,True,2025-12-08,2025-12-08
UCB_7INo7Q7ligX4_dPEDyyA,A film buff,True,2025-12-08,2025-12-08
UCWEpn8GGnu-840EHP2hjCmQ,Mr. Nefelibata,True,2025-12-08,2025-12-08
UCIhPENnDbaBwQM0cP7rNWCA,Hearts4Pedro,True,2025-12-08,2025-12-08
UCW7uTeHx0AtwEmBCK7uAxdw,She Loves Modern Family,True,2025-12-08,2025-12-08
UCqMtxjKnR7ySbEZSs2N-v0Q,The Rich Eisen Show,False,2025-12-08,2025-12-08
UCaGXq3UIWtTVEZmcXBrO2YQ,Quella Wonderland,True,2025-12-08,2025-12-08
UCRYobDckgdlA0_biTeGQBJg,C11 ,True,2025-12-08,2025-12-08
UCNWXgLFQDHVXddP_Eg13CIw,Ngamshishi,True,2025-12-08,2025-12-08
UCXON8CqW6r2RkDnwjLXg8Uw,What A Mess,True,2025-12-08,2025-12-08
UCedOFbTMOH9GXc5I0w8xPYA,jesse tylerorg,False,2025-12-08,2025-12-08
UCn8txmBiw_dhjcNlxK-U_mg,Select Mindset,True,2025-12-08,2025-12-08
UCpI3FVqa_HdxVftmWjk3VMw,Future Amnesia,True,2025-12-08,2025-12-08
UCUdeUMyTxQLnb7ryv1cdSjg,ModFam,True,2025-12-08,2025-12-08
UCLNlSQbr10U1YOtkiWWd9LA,Entertainment&You,True,2025-12-08,2025-12-08
UCImUEe7HwLE6qWd6DqQDQqA,celebrity shorts,True,2025-12-08,2025-12-08
UCq70s_xasBzYaXL69hOeMOw,dnsonae,True,2025-12-08,2025-12-08
UCE5mQnNl8Q4H2qcv4ikaXeA,Hulu,False,2025-12-08,2025-12-08
UCAHfwjxUQsxPuWLNH0GX6xw,Betches,False,2025-12-08,2025-12-08
UCSp_PjOO_Ddt0IpLsX4DdfQ,The Name is Brandon,True,2025-12-08,2025-12-08
UCjDsbbzHgTrGc4Ff26TJtsA,E! News,False,2025-12-08,2025-12-08
UCI6PizyQLP4Fe8IzidMc5fA,Eggdar,True,2025-12-08,2025-12-08
UC7YJqQIW_NACsE8wGZslsLw,E4,True,2025-12-08,2025-12-08
UC2SnY4xOkCxBw7l0fudaVPg,IQRA_editor ,True,2025-12-08,2025-12-08
UCdtXPiqI2cLorKaPrfpKc4g,Entertainment Tonight,False,2025-12-08,2025-12-08
UCnutG1ubk9ZAYUqz0aK7kTQ,Princz Edits,True,2025-12-08,2025-12-08
UCj6eKhSfgRyAqZAMseSyB0g,Sloan Stowe,True,2025-12-08,2025-12-08
UCxe8IPtSBmBYd3dYqjLzxZA,Sitcom Dose,True,2025-12-08,2025-12-08
UCtGqk66VR3IoUFfo-31KUDg,Clip Hall,True,2025-12-08,2025-12-08
UCmn9PGb1Vb60D0blgYFX9pA,Ranked By Who?!,True,2025-12-08,2025-12-08
UCKqfadkYUW5rDCOrsfnEaMQ,Stone Face Memes,True,2025-12-08,2025-12-08
UCkn7fX_v4EMdcGd2izCXV2w,Popcorn News,False,2025-12-08,2025-12-08
UCfkOuFBxMS2L7wOrkMDMEvw,julia,True,2025-12-08,2025-12-08
UC6ldNLKHvHUtt_kkZZMnmLA,Jason Hernandez,True,2025-12-08,2025-12-08
UCn0spGdCqHQceNcuoho_-9w,scenesthatslaps,True,2025-12-08,2025-12-08
UCuaOBHj-80xvM7WHjC5J4Nw,Binge Ma'ampage,True,2025-12-08,2025-12-08
UCXjmz8dFzRJZrZY8eFiXNUQ,Nerdstalgic,True,2025-12-08,2025-12-08
UCkHxciJYT2S7L70dxKxczKQ,DunkinMynuts InStarBuccs,True,2025-12-08,2025-12-08
UCGbQJy-531_5vfphay-rChQ,People,False,2025-12-08,2025-12-08
UCGxemfM3ZORGowxi1pCZ0xA,Movie Centre,True,2025-12-08,2025-12-08
UCGIyD-Sza0AJbY6ydt1smTg, Salty Facts,True,2025-12-08,2025-12-08
UCTOfMruUJwKvDqcniF-xm6Q,Maverick,True,2025-12-08,2025-12-08
UCJcEQ0kF0pU0ogMwpNLHsYA,CutWhisper,True,2025-12-08,2025-12-08
UCMGoWoEo9yL6GlckHxuiDgA,BACK AND NOW,True,2025-12-08,2025-12-08
UCC_5XUBqRZIqwt8UC3iPhuQ,Clip King,True,2025-12-08,2025-12-08
UC3rLoj87ctEHCcS7BuvIzkQ,MsMojo,False,2025-12-08,2025-12-08
UCDymyWX0Z334gDMgfalnteg,Movie Time,False,2025-12-08,2025-12-08
UCL-I3HPqTEWdTa-Z9x_QjLQ,Grey Signal,True,2025-12-08,2025-12-08
UCpBSVtprfV5E1v40OZqNTSg,SitcomHub,True,2025-12-08,2025-12-08
UCBU3VGefEXS31DwIUfejPew,Disney Plus UK,False,2025-12-08,2025-12-08
UCuwUl4_fcRio_valO7_lxjA,Mike's Mic,True,2025-12-09,2025-12-09
UCP1iRaFlS5EYjJBryFV9JPw,Looper,False,2025-12-09,2025-12-09
UCmqYbLMdPSCzE0Hee38NMFw,KB-clips,True,2025-12-09,2025-12-09
UCjKyKP1Z2M3ASv3ovaXFW9Q,Trailer Blend,True,2025-12-09,2025-12-09
UCTSRIY3GLFYIpkR2QwyeklA,Drew Gooden,True,2025-12-09,2025-12-09
UCHCph-_jLba_9atyCZJPLQQ,How It Should Have Ended,False,2025-12-09,2025-12-09
UCqyku6Kofy1nV86yh9R8n8A,Alex,True,2025-12-09,2025-12-09
UC88oXk3humH-OCXXkt4nlIg,bspcn,True,2025-12-09,2025-12-09
UC0QHWhjbe5fGJEPz3sVb6nw,Doctor Mike,False,2025-12-09,2025-12-09
UCBE5s9M2FL9N6L9DrKvl3WQ,aadrienns,True,2025-12-09,2025-12-09
UCXjGaAgW6dUumK8BbEZrx4w,pyram1dhead,True,2025-12-09,2025-12-09
UCDYXx_CPtFHxDbMp_erAH7Q,sg1993,True,2025-12-09,2025-12-09
UCa6vGFO9ty8v5KZJXQxdhaw,Jimmy Kimmel Live,False,2025-12-09,2025-12-09
UCOpcACMWblDls9Z6GERVi1A,Screen Junkies,False,2025-12-09,2025-12-09
UCieSsajPbzCbV7nIq97i2WQ,Before vs After,True,2025-12-09,2025-12-09
UCyPhQZ8PM7-0tsX5r2j34hw,JaiceNoir,True,2025-12-09,2025-12-09
UCnFL_hmp-nc-l2QlLzxZdhg,Recap & Chill,True,2025-12-09,2025-12-09
UCcHBw_Rs56RFcisYAOlFfmQ,Billiam,True,2025-12-09,2025-12-09
UC5s2dp0aYONs53oHw_2jwtQ,Miami Vice Remastered,True,2025-12-09,2025-12-09
UCIMyJjylRf9mdHdVK6fMbbA,Sonny Crockett,True,2025-12-09,2025-12-09
UCBZ9CDljf53U9-FTBekc-2w,alonsospeed,True,2025-12-09,2025-12-09
UC1r6uooDjjQ_Y3ePbcIku0A,No Operation,True,2025-12-09,2025-12-09
UCtb1SfrMvGayeYGQdf-PWhg,Jan Hammer,False,2025-12-09,2025-12-09
UCQSMkRMtFKBZNRpQGv7lAew,StevenMighty,True,2025-12-09,2025-12-09
UC_FBAOqx2L_JhUy4NYK6guA,loungeforyou,True,2025-12-09,2025-12-09
UCRkCIkNUhHcmtIY-zAgQ39Q,Mike Tanto,False,2025-12-09,2025-12-09
UCBB3-lwfDEJtXiA-RH-ji1A,Axel,True,2025-12-09,2025-12-09
UC_U3WT9M443jQ6a5x_VsC7Q,Chandler Stasiak,True,2025-12-09,2025-12-09
UCeRe0C1x1w8We6ghjVn4M5w,VybzKartelVEVO,True,2025-12-09,2025-12-09
UCJkDmWrESizW-MZYuYv9QDQ,Enter The Soundscape,True,2025-12-09,2025-12-09
UC1jZKmnwIIWJe7-D8xOZ7yg,TIckP,True,2025-12-09,2025-12-09
UCWHRE-1-ArCP87WCgCyUviA,TranceParadise,True,2025-12-09,2025-12-09
UC3wUBNcVSQrmRLeCeziqVkw,Miami Vice,False,2025-12-09,2025-12-09
UCMozhcsIFFu__oelJlOCZ9w,Rewindapp Studio,True,2025-12-09,2025-12-09
UCkLfi2wVaJ5rHy6seLucyFg,Grzegorz Grabowiec,True,2025-12-09,2025-12-09
UCpEUBRClz0PfM9Q8mq5noDw,Miami Vice,False,2025-12-09,2025-12-09
UCV-5d2ZbKBRCGaG3MXXfXcw,Kebu,True,2025-12-09,2025-12-09
UCtiIaJE_vllCplo0AtsOGmQ,Jessicacool90,True,2025-12-09,2025-12-09
nan,dirk 018,True,2025-12-09,2025-12-09
UCdeC5QfaSiM1QExo2CU3hZA,AMB Production TV,True,2025-12-09,2025-12-09
UC0ts7Wbbn24bo8TaRuu1Xig,Makeshift Project,True,2025-12-09,2025-12-09
