title,video_id,channel_title,publish_time,description,tags,category_id,view_count,like_count,comment_count,duration,definition,privacy_status
"Unsolved Mysteries with Robert Stack - Season 5, Episode 8 - Full Episode",aNRUAJAuJKw,FilmRise True Crime,2019-05-23T22:07:12Z,"This episode includes: Falcon Lake UFO, Inside Frontera, UD: Loving's Lost Love and Disappearing Dad.","Unsolved Mysteries with Robert Stack,FilmRise,Unsolved Mysteries,Robert Stack,Unscripted,Full Episodes,Full Episode,Official,Free,Classic Television,TV,Television",24,711555,7657,847,PT45M47S,sd,public
"Unsolved Mysteries with Robert Stack - Season 4, Episode 13 - Full Episode",9VNVwSMG0tE,FilmRise True Crime,2019-05-22T21:56:18Z,"This episode includes: Chad, UD: Thanks Big Brother, Honky Tonk Woman & UD, Practical Joker & UD and Nine Lives & UD.","Unsolved Mysteries with Robert Stack,FilmRise,Robert Stack,Unsolved Mysteries,Television,Classic TV,Full Episodes,Full Episode",24,256417,2266,267,PT50M3S,sd,public
"Unsolved Mysteries with Robert Stack - Season 5, Episode 23 - Full Episode",O3KiRO86ewA,FilmRise True Crime,2019-05-23T22:06:33Z,"This episode includes: Gander, Peggie's Brother, Cult of de Cloud & UD and UD: Polio.","Unsolved Mysteries with Robert Stack,FilmRise,Unsolved Mysteries,Robert Stack,Unscripted,Full Episodes,Full Episode,Official,Free,Classic Television,TV,Television",24,241210,2151,264,PT46M53S,sd,public
"Unsolved Mysteries with Robert Stack - Season 3, Episode 6 - Updated Full Episode",axBCYGlJnoY,FilmRise True Crime,2022-03-16T20:52:34Z,"This episode includes: Real Twin Peaks & UD, Update: Baby Broker, Twins, Mary and Martha & UD, Serial Child Molester & UD.

Hosted by Robert Stack, this series uses re-enactments and interviews to retell the circumstances of, well, mysteries that are unsolved. Includes case updates.","True Crime,Unsolved Mysteries,Robert Stack,Update",1,201869,2199,188,PT52M58S,sd,public
"Unsolved Mysteries with Dennis Farina - Season 1, Episode 1 - Full Episode",D5m8JNVBdds,FilmRise True Crime,2017-03-09T01:55:48Z,"This episode includes: Colorado Cop Killer, Playboy Con Man, Update: Larryâ€™s Rampage, Life after Lightning, Mickey Thompson and Missing Gringo. 

Click here to watch great FREE Movies & TV: http://filmrise.com","Crime,Mystery,Unsolved,Dennis Farina,FilmRise",24,197364,1184,136,PT42M48S,hd,public
"Unsolved Mysteries with Robert Stack - Season 8, Episode 2 - Updated Full Episode",a2JQLuxnmqE,FilmRise True Crime,2022-07-18T22:00:01Z,"This episode includes: Deadly Doses & UD, Missing Bird People, Baby's Breath and Fawzi's Son & UD. 

Hosted by Robert Stack, this series uses re-enactments and interviews to retell the circumstances of, well, mysteries that are unsolved. Covering crimes, tales of lost love, unexplained history and paranormal events, viewers are encouraged to call in with information that might solve the mystery.","True Crime,Unsolved Mysteries,Robert Stack,Update",1,181662,1983,268,PT44M5S,sd,public
"Unsolved Mysteries with Robert Stack - Season 6, Episode 3 - Full Episode",h2b0lz4x27Y,FilmRise True Crime,2019-05-23T22:02:51Z,"This episode includes: Anastasia (Pts. 1, 2 & 3) & UD, Jail Family & UD and Killer Boyfriend & UD.","Unsolved Mysteries with Robert Stack,FilmRise,Unsolved Mysteries,Robert Stack,Unscripted,Full Episodes,Full Episode,Official,Free,Classic Television,TV,Television",24,172958,1874,228,PT46M51S,sd,public
"Unsolved Mysteries with Robert Stack - Season 2, Episode 15 - Full Episodes",fdY2QfVdZyg,FilmRise True Crime,2019-05-21T21:48:37Z,"This episode includes: Wheat Fields, Hit and Run, Update: Sharon's Search and Novel Disappearance.","Unsolved Mysteries with Robert Stack,FilmRise,Robert Stack,Unsolved Mysteries,Classic TV,Full Episodes,Television,Unscripted",24,153545,1506,170,PT48M10S,sd,public
"Unsolved Mysteries with Robert Stack - Season 4, Episode 10 - Full Episode",8M-ls_qP98M,FilmRise True Crime,2019-05-22T21:56:25Z,"This episode includes: Belgian UFO, (Pts. 1 & 2), UD: I.D. Swap, Brenda's Fire and Philip Breen & UD.","Unsolved Mysteries with Robert Stack,FilmRise,Robert Stack,Unsolved Mysteries,Television,Classic TV,Full Episodes,Full Episode",24,139125,1646,311,PT46M9S,sd,public
"Unsolved Mysteries with Dennis Farina - Season 7, Episode 22 - Updated Full Episode",7zvcsG17zPs,FilmRise True Crime,2021-07-26T22:05:42Z,"This episode includes: Christmas Party Murder, Myrtles Plantation, California Killing, Asteroids & Meteors, Brief Encounter and Pick Axe Savior.

Hosted by Dennis Farina, this series uses re-enactments and interviews to retell the circumstances of, well, mysteries that are unsolved. Covering crimes, tales of lost love, unexplained history and paranormal events, viewers are encouraged to call in with information that might solve the mystery.","True Crime,Unsolved Mysteries,Dennis Farina,Update",1,132009,1290,98,PT42M53S,hd,public
"Unsolved Mysteries with Robert Stack - Season 4, Episode 1 - Full Episode",KSA4lhjYupY,FilmRise True Crime,2019-05-22T21:56:49Z,"This episode includes: Bentwaters UFO (Pts. 1 & 2), Dungeons & Dragons and I.D. Swap & UD.","Unsolved Mysteries with Robert Stack,FilmRise,Robert Stack,Unsolved Mysteries,Television,Classic TV,Full Episodes,Full Episode",24,129165,1334,187,PT48M35S,sd,public
"Unsolved Mysteries with Robert Stack - Season 4, Episode 21 - Full Episode",IiaqGGAgn1Y,FilmRise True Crime,2019-05-22T21:55:58Z,"This episode includes: Slain Swedes, UD: Amelia Earhart 2, Black Market Babies, Bones Knows, UD: Prison Mom and Med Scam & UD.","Unsolved Mysteries with Robert Stack,FilmRise,Robert Stack,Unsolved Mysteries,Television,Classic TV,Full Episodes,Full Episode",24,126087,1348,147,PT46M59S,sd,public
"Unsolved Mysteries with Robert Stack - Season 6, Episode 18 - Full Episode",07kTqXIHeRU,FilmRise True Crime,2019-05-23T22:02:10Z,"This episode includes: Mother's Instinct, Temple President Murder, Swoops & Squats & UD, Grady's Bible and Rapist MD.","Unsolved Mysteries with Robert Stack,FilmRise,Unsolved Mysteries,Robert Stack,Unscripted,Full Episodes,Full Episode,Official,Free,Classic Television,TV,Television",24,118544,1338,114,PT43M26S,sd,public
"Unsolved Mysteries with Robert Stack - Season 5, Episode 10 - Full Episode",krVQQCinuPM,FilmRise True Crime,2019-05-23T22:07:04Z,"This episode includes: George Anderson (Pts. 1 & 2), UD: Brother X and Strangulation Saga (Pts. 1 & 2).","Unsolved Mysteries with Robert Stack,FilmRise,Unsolved Mysteries,Robert Stack,Unscripted,Full Episodes,Full Episode,Official,Free,Classic Television,TV,Television",24,108341,1224,173,PT45M16S,sd,public
"Unsolved Mysteries with Robert Stack - Season 4, Episode 22 - Full Episode",bS3M-iApMBo,FilmRise True Crime,2019-05-22T21:55:56Z,"This episode includes: Noah's Ark, New in Town & UD, Model A Sister & UD and Carwash Kidnap & UD.","Unsolved Mysteries with Robert Stack,FilmRise,Robert Stack,Unsolved Mysteries,Television,Classic TV,Full Episodes,Full Episode",24,105936,1137,209,PT45M17S,sd,public
"Unsolved Mysteries with Robert Stack - Season 3, Episode 7 - Full Episode",u4V77E6DBFQ,FilmRise True Crime,2019-05-22T21:55:30Z,"This episode includes: Friendly Ghost, Vision Quest & UD, Powers of Miss Katie and Update: Reincarnation.","Unsolved Mysteries with Robert Stack,FilmRise,Robert Stack,Unsolved Mysteries,Television,Classic TV,Full Episodes,Full Episode",24,90752,1056,102,PT47M11S,sd,public
"Unsolved Mysteries with Robert Stack - Season 5, Episode 17 - Full Episode",wri2csTz5eE,FilmRise True Crime,2019-05-23T22:06:47Z,"This episode includes: Who Killed Jeanine? (Pts. 1 & 2) & UD, UD: Charlie's Angels, Lost Generation & UD and Pigtail Fugitive.","Unsolved Mysteries with Robert Stack,FilmRise,Unsolved Mysteries,Robert Stack,Unscripted,Full Episodes,Full Episode,Official,Free,Classic Television,TV,Television",24,90022,955,102,PT49M22S,sd,public
"Unsolved Mysteries with Robert Stack - Season 2, Episode 18 - Full Episodes",3MP7SoAB1wE,FilmRise True Crime,2019-05-21T21:48:43Z,"This episode includes: Chicago Kidnap, Cash Web, Rachel Runyan, Sweetheart Swindler, Texas Crime Spree and Update: Fumbles Robber.","Unsolved Mysteries with Robert Stack,FilmRise,Robert Stack,Unsolved Mysteries,Classic TV,Full Episodes,Television,Unscripted",24,74892,973,122,PT42M59S,sd,public
"Unsolved Mysteries with Robert Stack - Season 1, Episode 16 - Full Episode",7TiR3OTtWus,FilmRise True Crime,2019-05-16T21:20:49Z,"This episode includes: Vice Cop, Update: Florida Flim Flam, Where's the Witness? & UD, Update: Thank You Phillip, Lost Sister Jackie & UD and Missing Ex-Monk & UD.","Unsolved Mysteries,Robert Stack,FilmRise,Unsolved Mysteries with Robert Stack,Classic,Classic TV,Television,Full Episodes",24,72144,879,104,PT48M29S,sd,public
"Unsolved Mysteries with Robert Stack - Season 3, Episode 16 - Full Episode",KbDNQ2bGl5A,FilmRise True Crime,2019-05-22T21:55:06Z,"This episode includes: Chameleon & UD, Lost For Life, Smitty & UD and Samuel's Ghost.","Unsolved Mysteries with Robert Stack,FilmRise,Robert Stack,Unsolved Mysteries,Television,Classic TV,Full Episodes,Full Episode",24,67803,838,68,PT46M7S,sd,public
"Unsolved Mysteries with Robert Stack - Season 9, Episode 18 - Updated Full Episode",mntW9MSbEzE,FilmRise True Crime,2022-03-16T20:52:35Z,"This episode includes: Salvatore Spinnato & UD, Miracle Maker, Beauty Salon Killer & UD, Such is Life & UD and Atlanta Bombings & UD.

Hosted by Robert Stack, this series uses re-enactments and interviews to retell the circumstances of, well, mysteries that are unsolved. Includes case updates.","True Crime,Unsolved Mysteries,Robert Stack,Update",1,66610,831,70,PT44M30S,sd,public
"Unsolved Mysteries with Robert Stack - Season 11, Episode 8 - Full Episode",fHuVdyOntQk,FilmRise True Crime,2019-05-23T21:55:36Z,"This episode includes: Bordeaux Murder, Salsa Swindlers & UD, UD: Hotel Balcony Death, Amber Swartz & UD and UD: Poison Snake.","Unsolved Mysteries with Robert Stack,FilmRise,Unsolved Mysteries,Robert Stack,Unscripted,Full Episodes,Full Episode,Official,Free,Classic Television,TV,Television",24,62305,801,59,PT42M7S,sd,public
"Unsolved Mysteries with Robert Stack - Season 6, Episode 20 - Full Episode",iCFijOFpaRc,FilmRise True Crime,2019-05-23T22:01:59Z,"This episode includes: Dutch Shultz Treasure, Computer Con Killer, Lost Lauren and Mother/Son Murder & UD.","Unsolved Mysteries with Robert Stack,FilmRise,Unsolved Mysteries,Robert Stack,Unscripted,Full Episodes,Full Episode,Official,Free,Classic Television,TV,Television",24,54565,625,65,PT44M14S,sd,public
"Unsolved Mysteries with Robert Stack - Season 9, Episode 8 - Full Episode",XGxtUC6YvIk,FilmRise True Crime,2019-05-23T21:56:48Z,"This episode includes: Children's Past Lives, Pet Heroes, Zip Gun Bomber, Hotel Balcony Death & UD and Glendeen's Goal & UD.","Unsolved Mysteries with Robert Stack,FilmRise,Unsolved Mysteries,Robert Stack,Unscripted,Full Episodes,Full Episode,Official,Free,Classic Television,TV,Television",24,44434,598,77,PT44M36S,sd,public
"Unsolved Mysteries with Dennis Farina - Season 3, Episode 6",s11FaBU4vD0,FilmRise True Crime,2017-03-09T01:55:48Z,"This, Episode includes: Journey to Murder, Taunting Bank Robber, Madman Across the Water, Marcos' Buddah (Pts. 1 & 2) and Steve's Flag.                                       

Click here to watch great FREE Movies & TV: http://filmrise.com","Crime,Mystery,Unsolved,Dennis Farina,FilmRise",24,35592,291,26,PT42M46S,hd,public
Unsolved Mysteries 2020 Netflix Intro,6N9jMX00aus,fistsop,2020-07-01T16:03:33Z,"https://www.netflix.com/title/81026055


Real cases of perplexing disappearances, shocking murders and paranormal encounters fuel this gripping revival of the iconic documentary series.


R.I.P. Robert Stack","unsolved mysteries,robert stack,netflix,intro,creepy",24,223893,2723,589,PT32S,hd,public
Unsolved Mysteries | Official Trailer | Netflix,oZ4FrgGILM8,Netflix,2020-06-23T16:00:02Z,"The original creators of Unsolved Mysteries and the Producers of Stranger Things invite you to solve new mysteries. Follow the clues. Solve the cases. 
Only on Netflix July 1. 

SUBSCRIBE: http://bit.ly/29qBUt7

About Netflix:
Netflix is the world's leading streaming entertainment service with 183 million paid memberships in over 190 countries enjoying TV series, documentaries and feature films across a wide variety of genres and languages. Members can watch as much as they want, anytime, anywhere, on any internet-connected screen. Members can play, pause and resume watching, all without commercials or commitments.

Unsolved Mysteries | Official Trailer | Netflix
https://youtube.com/Netflix

Real cases of perplexing disappearances, shocking murders and paranormal encounters fuel this gripping revival of the iconic documentary series.","unsolved,mysteries,trailer,netflix,stranger,thing,true,crimi,ufo,murder,open case",24,2199027,31898,2306,PT1M34S,hd,public
Unsolved Mysteries Volume 2 | Official Trailer | Netflix,uaBJc1XZ8nU,Netflix,2020-10-08T17:00:04Z,"The most chilling mysteries are still unsolved. Six new mysteries are launching globally on Netflix October 19. 

Watch Unsolved Mysteries: https://www.netflix.com/unsolvedmysteries

SUBSCRIBE: http://bit.ly/29qBUt7

About Netflix:
Netflix is the world's leading streaming entertainment service with 193 million paid memberships in over 190 countries enjoying TV series, documentaries and feature films across a wide variety of genres and languages. Members can watch as much as they want, anytime, anywhere, on any internet-connected screen. Members can play, pause and resume watching, all without commercials or commitments.

Unsolved Mysteries Volume 2 | Official Trailer | Netflix
https://youtube.com/Netflix

Suspicious deaths, missing children, encounters with spirits and other true-life tales unfold in a new collection of unsolved mysteries.","Unsolved Mysteries,robert stack,stranger things,21 laps,Netflix,true crime",24,491782,11327,630,PT1M36S,hd,public
Unsolved Mysteries Volume 3 | Official Trailer | Netflix,tTiP-HH71IE,Netflix,2022-10-04T16:00:00Z,"Are you ready to solve a mystery? The global phenomenon returns with nine new mysteries in Volume 3. Join the search and perhaps you may be able to help solve a mystery.

The three week event starts October 18th, only on Netflix.

Week 1 - October 18
Mystery at Mile Marker 45
Something in the Sky
Body in Bags

Week 2 - October 25
Death in a Vegas Motel
Paranormal Rangers
What Happened to Josh?

Week 3 - November 1
Body in the Bay
The Ghost in Apartment 14
Abducted by a Parent

The iconic and gripping series returns with a three-week event featuring more unexplained deaths, baffling disappearances, and bizarre paranormal activity. Unsolved Mysteries Vol 3 is from the creators of the original docuseries, Cosgrove/Meurer Productions, and 21 Laps Entertainment, the producers of Stranger Things.

SUBSCRIBE: http://bit.ly/29qBUt7

About Netflix:
Netflix is the world's leading streaming entertainment service with 221 million paid memberships in over 190 countries enjoying TV series, documentaries, feature films and mobile games across a wide variety of genres and languages. Members can watch as much as they want, anytime, anywhere, on any Internet-connected screen. Members can play, pause and resume watching, all without commercials or commitments.

Unsolved Mysteries Volume 3 | Official Trailer | Netflix
https://youtube.com/Netflix

In the third installment of this iconic docuseries, real people experience unthinkable crimes, puzzling disappearances and paranormal happenings.","Conspiracy,TrueCrime,UFO,abduction,alien,bigfoot,crime,doc,documentary,documentary series,fbi,fugitive,ghost,government,homicide,justice,mafia,motel,mysteries,netflix,official trailer,paranormal,police,questions,revenge,robert stack,scandal,secrets,skinwalker,solvemystery,suicide,theory,trailer,unsolved,unsolved mysteries,vegas,victim,victims,volume3",24,413098,6870,482,PT1M55S,hd,public
Unsolved Mysteries: Volume 5 | Official Trailer | Netflix,yjGQWRX0nRg,Netflix,2024-09-12T16:00:00Z,"Unsolved Mysteries is back with new episodes with more perplexing cold cases and supernatural events. Unsolved Mysteries is from the creators of the original docuseries, Cosgrove/Meurer Productions, and 21 Laps Entertainment, the producers of Stranger Things.

Watch on Netflix: https://www.netflix.com/title/81427721

About Netflix:
Netflix is one of the world's leading entertainment services, with 278 million paid memberships in over 190 countries enjoying TV series, films and games across a wide variety of genres and languages. Members can play, pause and resume watching as much as they want, anytime, anywhere, and can change their plans at any time.

Unsolved Mysteries: Volume 5 | Official Trailer | Netflix
https://www.youtube.com/@Netflix","Netflix,Netflix 2024,Unsolved Mysteries,Unsolved Mysteries Volume 5,Volume 5,supernatural",24,143892,3326,225,PT1M29S,hd,public
Unsolved Mysteries Volume 2 | Official Clip | No Evidence | Netflix,k3oT6oT5fDE,Netflix,2020-10-16T16:00:00Z,"The most chilling mysteries are still unsolved. Six new mysteries are launching globally on Netflix October 19. 

Watch Unsolved Mysteries: https://www.netflix.com/unsolvedmysteries

SUBSCRIBE: http://bit.ly/29qBUt7

About Netflix:
Netflix is the world's leading streaming entertainment service with 193 million paid memberships in over 190 countries enjoying TV series, documentaries and feature films across a wide variety of genres and languages. Members can watch as much as they want, anytime, anywhere, on any internet-connected screen. Members can play, pause and resume watching, all without commercials or commitments.

Unsolved Mysteries Volume 2 | Official Clip | No Evidence | Netflix
https://youtube.com/Netflix

Suspicious deaths, missing children, encounters with spirits and other true-life tales unfold in a new collection of unsolved mysteries.","Unsolved Mysteries,Netflix,true crime,robert stack,stranger things,21 laps",24,120225,2078,137,PT1M28S,hd,public
Unsolved Mysteries: Volume 4 | Official Trailer | Netflix,CvSaVywPDsM,Netflix,2024-07-08T15:00:00Z,"The iconic and gripping series returns featuring more perplexing cold cases, historic murders and unexplained creature sightings. Unsolved Mysteries is from the creators of the original docuseries, Cosgrove/Meurer Productions, and 21 Laps Entertainment, the producers of Stranger Things.

Watch on Netflix: https://www.netflix.com/title/81427720

About Netflix:
Netflix is one of the world's leading entertainment services, with 270 million paid memberships in over 190 countries enjoying TV series, films and games across a wide variety of genres and languages. Members can play, pause and resume watching as much as they want, anytime, anywhere, and can change their plans at any time.

Unsolved Mysteries: Volume 4 | Official Trailer | Netflix
https://www.youtube.com/@Netflix","Abduction,Alien Encounters,Chilling,Crime,Crime Solving,Documentary,Eerie,Forensics,Informative,Investigative,Missing Person,Murder,Solving a Mystery,Speculative,Tense,The Supernatural,Toolkit Main Trailer,True Crime,Unsolved Mysteries,Volume 4",24,109302,2550,370,PT1M38S,hd,public
Unsolved Mysteries | Offizieller Trailer | Netflix,9W8c57e14aE,"Netflix Deutschland, Ã–sterreich und Schweiz",2020-06-23T16:00:01Z,"Die SchÃ¶pfer der ursprÃ¼nglichen Serie â€žUnsolved Mysteriesâ€œ und die Produzenten von â€žStranger Thingsâ€œ laden erneut ein, Geheimnisse zu lÃ¼ften. Exklusiv auf Netflix heiÃŸt es jetzt wieder, den Hinweisen zu folgen, um den Fall zu lÃ¶sen.

Abonniere den YouTube-Kanal von Netflix Deutschland, Ã–sterreich und der Schweiz: http://bit.ly/2QSZLs9

Ãœber Netflix:
Netflix ist mit 183 Millionen zahlenden Mitgliedern in Ã¼ber 190 LÃ¤ndern der grÃ¶ÃŸte Streaming-Entertainment-Dienst weltweit und bietet Zugriff auf eine groÃŸe Auswahl vielfÃ¤ltiger Serien, Dokumentationen und Spielfilme in zahlreichen Sprachen. Mitglieder kÃ¶nnen die Inhalte jederzeit, Ã¼berall und mit fast jedem beliebigen internetfÃ¤higen EndgerÃ¤t unbegrenzt streamen, ohne dauerhafte Verpflichtungen einzugehen. Die Wiedergabe der ausgewÃ¤hlten Titel kann dabei ganz ohne Werbeunterbrechungen jederzeit gestartet, unterbrochen und fortgesetzt werden.

Folge Netflix:
Facebook: https://www.facebook.com/NetflixDACH/
Twitter: https://twitter.com/NetflixDE
Instagram: https://www.instagram.com/netflixde/

Unsolved Mysteries | Offizieller Trailer | Netflix http://youtube.com/NetflixDACH

Bei diesem fesselnden Revival der legendÃ¤ren Dokureihe stehen wahre kuriose VermisstenfÃ¤lle, schockierende Morde und Ã¼bernatÃ¼rliche PhÃ¤nomene im Fokus.","Unsolved Mysteries,ungelÃ¶st,Geheimnis,Geheimnisse,mysteriÃ¶s,Trailer,Netflix,Stranger Things,seltsam,wahr,Krimi,Verbrechen,Ufo,Mord,offener Fall",24,21454,202,28,PT1M37S,hd,public
Unsolved Mysteries - Season 6 & 7 Theme - CLEAR COMPLETE (extremely rare),LoyFjDh4KFY,Nevermind Productions,2024-10-15T21:47:06Z,"I FOUND IT!!!!!!  The extremely rare version of the creepy Unsolved Mysteries theme that they remade for seasons 6 and 7, is here in all its glory, before they replaced it with that sub-par, totally non-frightening theme that debuted for season 8.  ENJOY!","Unsolved Mysteries,Robert Stack,Season 6,Season 7,theme,Unsolved Mysteries theme,UFO,ghosts,the unexplained,lost loves,missing persons",10,2144,38,19,PT1M59S,hd,public
The Disappearance of Frederick Valentich | Unsolved Mystery,5xuLGvQSKtQ,Unsolved Mysteries,2025-04-22T03:17:54Z,"â€œMy engineâ€™s running roughâ€¦ and that strange aircraft is hovering above me.â€ ðŸ˜³
In 1978, pilot Frederick Valentich vanished mid-flight after reporting a mysterious object tailing his plane. No wreckage. No body. Just a chilling final transmission.
ðŸ‘½ UFO encounter? Government cover-up? Or something darker?
ðŸŽ§ Watch till the endâ€¦ this case will haunt you.
#UnsolvedMystery #UFO #FrederickValentich #TrueStory #CreepyTok #Conspiracy #FYP #ScaryStories #AIStorytelling #voiceover","UnsolvedMystery,UFO,Aliens,Extraterretrial,Creepy,Unsolved,Mystery",24,1263,19,0,PT19S,hd,public
When Entitled Corrupt Cops Realize They are Owned By Public  | Unsolved Mysteries - Crime,Gb6r0Vyfab4,Unsolved Mysteries - Crime,2025-01-15T15:00:27Z,"#crime #police #unsolvedmysteries

When Entitled Corrupt Cops Realize They are Owned By Public | Fourth Amendment Rights  | Unsolved Mysteries - Crime

Unsolved Mysteries - Crime content is for educational and information purposes, and is created to explain bodycam crimes captured by bodycams of police officers and sometimes street cameras. These videos are to show a clear image of what is happening around us with the uttermost transparency and explanation. 

All videos and case documents were obtained under the Washington Public Records Act (PRA), RCW 42.56. 

FAIR USE NOTICE: This video may contain copyrighted material; the use of which has not been specifically authorized by the copyright owner. We are making such material available for the purposes of education, criticism, comment, review, and news reporting which constitute the fair use of any such copyrighted material as provided for in section 107 of the US Copyright Law. Notwithstanding the provisions of sections 106 and 106A, the fair use of a copyrighted work for purposes such as criticism, comment, review, and news reporting is not an infringement of copyright.

Disclaimer: Our videos and other published media should not be considered legal advice. We are attorneys, but we are not your attorney. Seek legal counsel if you believe you are a victim of police misconduct. 

All claims made are alleged, so if you see a mistake or misrepresentation, email us to let us know how we can remedy the issue immediately.

#police #crime #truecrime #bodycamcrime #lawandcrime #lawandcrimenetwork #policeactivity #policechase #crossfire #firearms #unsolvedmysteries #unsolvedmysteriescrime","Crime,Law Enforcement,Law and Crime Network,Law and Crime,first amendment audit,police chase,copstv,cops,police bodycam,grizzly true crime,true crime,law and crime trials,corrupt cops,corrupt police,corrupt,cops get owned,corrupt officer,cop owned,police gets owned,karen,auditor arrested,real estate agent,the real news,deaf man arrested,real news network,san joaquin valley transparency,arrested,real news,realnews,cops triggered,police activity",24,8184,359,26,PT43S,hd,public
"Unsolved Mysteries with Robert Stack - Season 6, Episode 23 - Full Episode",NwalnWcvxNI,Unsolved Mysteries - Full Episodes,2019-03-11T21:36:49Z,"This episode includes: Bigfoot II, Wandering Fishman & UD, UD: Fatal Obsession, Threats & Harassment, Murder By Arson & UD, Angels, Lifesaving Sister & UD, Deputy Death and Hoochie Coochie & UD.",,24,2082894,14376,4199,PT1H32M48S,sd,public
"Unsolved Mysteries with Robert Stack - Season 7, Episode 6 - Full Episode",dkb0KswsXoc,Unsolved Mysteries - Full Episodes,2019-03-12T21:44:03Z,"This episode includes: Poison Pen, Pts. 1 & 2, Agatha Christie, UD: Shigemoto's Bodyguard, Tommy and His Parents, Poverty Island Treasure and Into the Woods & UD.",,24,1471875,10473,1905,PT1H29M2S,sd,public
Unsolved Mysteries with Robert Stack - Season 1 Episode 1 - Full Episode,CM9OlU8A1RU,Unsolved Mysteries - Full Episodes,2019-03-15T20:42:31Z,"This episode includes: Thumbs & UD, Update: Marsh, Conway, Honeymoon Bones and Dottie Caylor.",,24,1386823,11816,2297,PT48M18S,sd,public
Unsolved Mysteries with Robert Stack - Season 1 Episode 5 - Full Episode,lxDQDNlx1tI,Unsolved Mysteries - Full Episodes,2019-02-28T21:35:01Z,"This episode includes: D.B. Cooper Pts 1 & 2, Update: Math Teacher Escape, Friends to the End & UD and Babe's Uniform & UD.","FilmRise,Free TV,Free,Classic TV,Unsolved Mysteries,Robert Stack,D.B. Cooper,Cooper,True Crime",24,1330656,10427,2493,PT42M48S,sd,public
Unsolved Mysteries with Robert Stack - Season 1 Episode 4 - Full Episode,8WEY25G5lbk,Unsolved Mysteries - Full Episodes,2019-02-28T21:34:57Z,"This episode includes: Queen Mary Ghost Ship, Update: Carlucci, Two Strikes & UD and Personals Pt. 1 & 2 & UD.","FilmRise,Free TV,Free,Unsolved Mysteries,Robert Stack,Queen Mary Ghost Ship,Queen Mary,Ghosts,Ghost Ship,Paranormal,Supernatural,Joseph Shepherd,Personals,Gail DeLano",24,1016344,7735,1607,PT46M7S,sd,public
"Unsolved Mysteries with Robert Stack - Season 5, Episode 1 - Full Episode",NBiYdJkD6bk,Unsolved Mysteries - Full Episodes,2019-03-08T22:04:34Z,"This episode includes: Tami Lynn, Hudson Valley UFO, Pts. 1 & 2, Daredevil Doe & UD.",,24,1013227,8198,2472,PT42M5S,sd,public
Unsolved Mysteries with Robert Stack - Season 1 Episode 2 - Full Episode,lS5L5WcobWo,Unsolved Mysteries - Full Episodes,2019-02-28T21:34:51Z,"This episode includes: Badlands & UD, Sixty Miles, McFall and Mail Call & UD.","Unsolved Mysteries,Robert Stack,Missing,Mystery,Murder,Wanted,Free TV,Television,Classic Television,Classic TV,FilmRise,Missy Munday,Jerry Strickland,Dorothy Allison,Steve Hadley,WWII,Paranormal,Psychic,Mysteries,Detective",24,976481,7667,2217,PT50M38S,sd,public
"Unsolved Mysteries with Robert Stack - Season 4, Episode 24 - Full Episode",3JaTk_KrUDU,Unsolved Mysteries - Full Episodes,2019-03-08T22:04:29Z,"This episode includes: Broken Hearts & UD, Burning Car & UD, Armored Car Killings & UD, Amnesia Victim.",,24,957487,8303,1188,PT44M49S,sd,public
"Unsolved Mysteries with Robert Stack - Season 12, Episode 8 - Updated Full Episode",ZcpCTiN0Bh4,Unsolved Mysteries - Full Episodes,2021-07-27T16:30:14Z,"This episode includes: California Killings, Donna on Fire & UD, Fallon Illnesses.

Hosted by Robert Stack, this series uses re-enactments and interviews to retell the circumstances of, well, mysteries that are unsolved. Includes case updates.

#unsolvedmysteries #classicepisodes #original #robertstack #dennisfarina","True Crime,Unsolved Mysteries,Robert Stack,Update",1,908528,7165,927,PT44M24S,sd,public
Unsolved Mysteries with Robert Stack - Season 1 Episode 3 - Full Episode,MFhcslbT1i0,Unsolved Mysteries - Full Episodes,2019-02-28T21:34:54Z,"This episode includes: Amnesia & UD, Carlucci & UD, Math Teacher Escape & UD and Beale's Cypher.","FilmRise,Unsolved Mysteries,Robert Stack,Full Episodes,Free TV,Free,Doreen Picard,Louis Carlucci,Robert Weeks,Roger Wheeler,Diane Brodbeck,Jon Yount,Beale's Treasure,Beale ciphers,Beale Papers,Beale,Thomas J. Beale",24,895816,7183,1640,PT46M3S,sd,public
"Unsolved Mysteries with Robert Stack - Season 4, Episode 15 - Full Episode",Df_7oIrgQAk,Unsolved Mysteries - Full Episodes,2019-03-08T22:03:58Z,"This episode includes: Mystery Hitchhiker, Anchors Away, Lucky Lost Love & UD, Vegas Rapist & UD.",,24,891506,7510,1867,PT48M44S,sd,public
"Unsolved Mysteries with Robert Stack - Season 6, Episode 11 - Full Episode",enRO60zS6b8,Unsolved Mysteries - Full Episodes,2019-03-11T21:36:15Z,"This episode includes: Murder 101, Who Saved My Life? & UD, Payback Killer and Death & Disappearance.",,24,828492,6128,924,PT48M23S,sd,public
"Unsolved Mysteries with Robert Stack - Season 5, Episode 12 - Full Episode",5ndfHFFi_xw,Unsolved Mysteries - Full Episodes,2019-03-08T22:05:03Z,"This episode includes: Martin Luther King Pts. 1 & 2, Surprise Sister & UD, Texas Most Wanted & UD.",,24,761848,7194,1923,PT52M24S,sd,public
Unsolved Mysteries with Robert Stack - Season 1 Episode 19 - Full Episode,Bn9LPysekzY,Unsolved Mysteries - Full Episodes,2019-02-28T21:35:44Z,"This episode includes: Bank Tunnel, Life After Life Pts. 1 & 2, Update: Red Lake Heir and Repairman Death.","Unsolved Mysteries with Robert Stack,Unsolved Mysteries,Robert Stack,Full Episodes,True Crime,Crime,Mysteries,Free,Free TV",24,746627,6325,1116,PT45M35S,sd,public
"Unsolved Mysteries with Robert Stack - Season 6, Episode 12 - Full Episode",X4nl9MUWmGE,Unsolved Mysteries - Full Episodes,2019-03-11T21:36:17Z,"This episode includes: Armando Garcia & UD, Suddenly Siblings & UD, A Couple of Good Men and Canadian Camper.",,24,738496,5351,N/A,PT48M49S,sd,public
"Unsolved Mysteries with Robert Stack - Season 3, Episode 15 - Full Episode",I29V4AAhAkU,Unsolved Mysteries - Full Episodes,2019-03-07T17:37:18Z,"This episode includes: Teen Tragedy, Update: Jim and Tammi, State Department Murder, Lost Adams Diggings.",,24,728234,5692,1239,PT43M33S,sd,public
Unsolved Mysteries with Robert Stack - Season 1 Episode 7 - Full Episode,nbssFfYVYsM,Unsolved Mysteries - Full Episodes,2019-02-28T21:35:07Z,"This episode includes: General Wayne Inn, Paisley Hat & UD, Son of Sam Pt. 2 and Mrs. Millionaire & UD.","FilmRise,Unsolved Mysteries,Free TV,Free,Mystery,Mysteries,Unsolved,General Wayne Inn,Paisley Hat,Son of Sam,David Berkowitz,Robert Stack,Classic TV,True Crime",24,727838,5461,1122,PT42M57S,sd,public
"Unsolved Mysteries with Robert Stack - Season 7, Episode 11 - Full Episode",73o08bTg7hU,Unsolved Mysteries - Full Episodes,2019-03-12T21:44:16Z,"This episode includes: San Marino Bones & UD, Phantom Sub, Police Captain's Death, UD: Baby Girl X and Schoolbus Family & UD.",,24,721010,5573,797,PT47M6S,sd,public
"Unsolved Mysteries with Robert Stack - Season 7, Episode 7 - Full Episode",XFlTcP5p544,Unsolved Mysteries - Full Episodes,2019-03-12T21:44:05Z,"This episode includes: Silent Witness, Mary Celeste, UD: Hoochie Coochie and Sunshine Guys & UD.",,24,707759,4409,557,PT46M49S,sd,public
Unsolved Mysteries with Robert Stack - Season 11 Episode 9 - Full Episode,fh2aqFZgMF4,Unsolved Mysteries - Full Episodes,2019-03-21T21:18:44Z,"This episode includes: Kilgore Isnâ€™t Here & UD, Myrtles Plantation and Gang Mom.",,24,705692,4923,716,PT46M1S,sd,public
Unsolved Mysteries with Robert Stack - Season 2 Episode 5 - Full Episode,POiW93TKNug,Unsolved Mysteries - Full Episodes,2019-03-01T22:00:02Z,"This episode includes: Platinum Pilfer, Update: Orphan Train, Ghost Lights, Greeting Card and Caruana.",,24,691924,5186,1004,PT47M54S,sd,public
"Unsolved Mysteries with Robert Stack - Season 7, Episode 18 - Full Episode",8cZsLB59NgY,Unsolved Mysteries - Full Episodes,2019-03-12T21:44:36Z,"This episode includes: Power of Prayer, Dress Up Escape, Dakota's Double Death and Casino Disappearance.",,24,684105,5278,1323,PT48M17S,sd,public
"Unsolved Mysteries with Robert Stack - Season 6, Episode 22 - Full Episode",TjUraggBI3o,Unsolved Mysteries - Full Episodes,2019-03-11T21:36:46Z,"This episode includes: Boston Strangler (Pts. 1 & 2) & UD, Secret Hiding Place & UD and Wrong Place, Wrong Time.",,24,664902,4661,564,PT49M39S,sd,public
"Unsolved Mysteries with Robert Stack - Season 4, Episode 18 - Full Episode",3kbARV7FBrU,Unsolved Mysteries - Full Episodes,2019-03-15T20:21:17Z,"This episode includes: UFO Odyssey, Reporter's Trucker, Haunted Mansion.",,24,664112,5329,869,PT44M47S,sd,public
Unsolved Mysteries with Robert Stack - Season 1 Episode 13 - Full Episode,fj65Vz0wxp4,Unsolved Mysteries - Full Episodes,2019-02-28T21:35:25Z,"This episode includes: DJ Death & UD, Update: Medford Millions, Missing Valentine Pts. 1 & 2 & UD, Update: Stroke Amnesia and Florida Flim Flam & UD.","Unsolved Mysteries,Robert Stack,Full Episodes,Free TV,FilmRise,Classic TV,Crime,True Crime,Mystery",24,661245,5264,1002,PT49M15S,sd,public
"Unsolved Mysteries with Robert Stack - Season 4, Episode 2 - Full Episode",I-dINR9ajrc,Unsolved Mysteries - Full Episodes,2019-03-08T22:03:07Z,"This episode includes: John Wilkes Booth Pts. 1 & 2, Identical Twins, Man Who Never Was & UD.",,24,657934,5802,1215,PT49M41S,sd,public
Unsolved Mysteries with Robert Stack - Season 12 Episode 4 - Full Episode,vnyRTNag7tA,Unsolved Mysteries - Full Episodes,2019-03-22T22:38:40Z,"This episode includes: Dead Realtor, Telephone Call & UD, Return from Heaven, Baby Killers & UD and UD: Bad Friday.",,24,652135,5021,997,PT43M32S,sd,public
"Unsolved Mysteries with Robert Stack - Season 7, Episode 14 - Full Episode",GVrYpR1ePKs,Unsolved Mysteries - Full Episodes,2019-03-12T21:44:24Z,"This episode includes: Missing Page, Pts. 1 & 2, KC Blast & UD, Fugitive Squirrel and Brief Encounter.",,24,634813,4666,949,PT47M29S,sd,public
"Unsolved Mysteries with Robert Stack - Season 4, Episode 10 - Full Episode",iox57lTnJDc,Unsolved Mysteries - Full Episodes,2019-03-08T22:03:44Z,"This episode includes: Belgian UFO Pts. 1 & 2, UD: I.D. Swap, Brenda's Fire, Philip Breen & UD.",,24,631690,5116,862,PT46M9S,sd,public
"Unsolved Mysteries with Robert Stack - Season 6, Episode 2 - Full Episode",I9DY2yXhHhw,Unsolved Mysteries - Full Episodes,2019-03-11T21:35:52Z,"This episode includes: Mystery Robber (Pts. 1 & 2) & UD, Australian UFO, Lost at Sea and Danny and His Dad.",,24,626997,4575,774,PT45M58S,sd,public
Unsolved Mysteries with Robert Stack - Season 1 Episode 12 - Full Episode,jRAhLWQW69k,Unsolved Mysteries - Full Episodes,2019-03-15T20:42:29Z,"This episode includes: Thank You Philip & UD, Ready Teller Robbery & UD, Geri and Who Am I?",,24,626144,5476,1121,PT47M48S,sd,public
"Unsolved Mysteries with Robert Stack - Season 4, Episode 21 - Full Episode",wh-XEjqj73c,Unsolved Mysteries - Full Episodes,2019-03-08T22:04:19Z,"This episode includes: Slain Swedes, UD: Amelia Eahart 2, Black Market Babies, Bones Knows, UD: Prison Mom, Med Scam & UD.",,24,628191,5130,1014,PT46M59S,sd,public
"Unsolved Mysteries with Robert Stack - Season 7, Episode 13 - Full Episode",MB4A0sj58VU,Unsolved Mysteries - Full Episodes,2019-03-12T21:44:21Z,"This episode includes: Electric Lady, Murder Premonition and James Van Praaght, Pts. 1 & 2.",,24,610568,4345,830,PT45M17S,sd,public
"Unsolved Mysteries with Robert Stack - Season 3, Episode 9 - Full Episode",HouUU5cq46I,Unsolved Mysteries - Full Episodes,2019-03-07T17:37:36Z,"This episode includes: Money Clip Murder & UD, Update: Unknown Arsonist, Louisiana Burning, Epilepsy Pooches, Cowboy Bandit.",,24,611025,4870,1045,PT50M56S,sd,public
Unsolved Mysteries with Robert Stack - Season 11 Episode 8 - Full Episode,MbT5MDe6s50,Unsolved Mysteries - Full Episodes,2019-03-21T21:18:40Z,"This episode includes: Bordeaux Murder, Salsa Swindlers & UD, UD: Hotel Balcony Death, Amber Swartz & UD and UD: Poison Snake.",,24,569141,4203,810,PT42M7S,sd,public
"Unsolved Mysteries with Robert Stack - Season 6, Episode 14 - Full Episode",LcnBEyfBO8k,Unsolved Mysteries - Full Episodes,2019-03-11T21:36:28Z,"This episode includes: Mystery Mummy, Mississippi Hangings, UD: Killer Boyfriend, Baby Girl X & UD and Jeanne Boylan.",,24,568737,4086,1003,PT49M31S,sd,public
"Unsolved Mysteries with Robert Stack - Season 6, Episode 8 - Full Episode",bixLNESECoc,Unsolved Mysteries - Full Episodes,2019-03-11T21:36:08Z,"This episode includes: Kidnapped Executive, Hansen Twin Murder (Pts. 1 & 2) and NATO Soldier's Dad.",,24,562905,4223,1329,PT44M49S,sd,public
Unsolved Mysteries: Behind the Legacy,pmIMUOPuGuQ,Unsolved Mysteries - Full Episodes,2023-10-20T19:35:37Z,"Unsolved Mysteries: Behind the Legacy is an hour-long tribute to the iconic series that shaped future generations of true crime TV. Sitting down with co-creators Terry Dunn Meurer and John Cosgrove, along with long-time producers and directors of the show, fans will get to pull back the curtain and experience their favorite show in a whole new light. The crew divulges behind the scenes stories, covering all aspects of the show from research to filming to solving mysteries. With never-before-seen outtakes of beloved host Robert Stack and a look into some fan-favorite cases, Unsolved Mysteries: Behind the Legacy honors one of televisionâ€™s most enduring and iconic shows, as well as the fans who were integral to its success. The creators note that it is the loyal viewers who proved what the show always stood for: that someone, somewhere knows the truth.

#Documentary #Unsolved #RobertStack #ColdCase #UnsolvedCrimes #MysteriousDisappearances
#Paranormal #MissingPersons #Conspiracies #UnsolvedMurders #LegendsAndFolklore #Historical #GhostStories #UFOsightings #SuspiciousDeaths #Haunted","True Crime,Documentary,Unsolved,Robert Stack,Cold case,Unsolved crimes,Mysterious disappearances,Paranormal,Missing persons,Conspiracies,Unsolved murders,Legends and folklore,Historical,Ghost stories,UFO sightings,Suspicious deaths,Haunted",1,562104,9663,1197,PT55M4S,hd,public
Unsolved Mysteries with Robert Stack - Season 1 Episode 20 - Full Episode,njkrWTA86As,Unsolved Mysteries - Full Episodes,2019-02-28T21:35:47Z,"This episode includes: Interstate Death, Billy The Kid, Update: Missing Ex-Monk and Molester Cop & UD.","Unsolved Mysteries with Robert Stack,Free TV,FilmRise,Full Episodes,FilmRise TV,Classic TV,Unsolved Mysteries,Robert Stack,Billy the Kid,Mystery,Crime,True Crime",24,560900,4441,896,PT45M46S,sd,public
Unsolved Mysteries with Robert Stack - Season 1 Episode 10 - Full Episode,qMg534fUujQ,Unsolved Mysteries - Full Episodes,2019-02-28T21:35:16Z,"This episode includes: Witch Hunt & UD, Update: Friends to the End, Missing Time Pts. 1 & 2 and Stroke Amnesia & UD.","Unsolved Mysteries,Robert Stack,Unsolved Mysteries with Robert Stack,FilmRise,Free TV,TV,Classic TV,Free,True Crime,Crime,Witch Hunt,Mystery",24,559695,4804,1208,PT48M5S,sd,public
"Unsolved Mysteries with Robert Stack - Season 7, Episode 15 - Full Episode",n94iByHZKFA,Unsolved Mysteries - Full Episodes,2019-03-12T21:44:27Z,"This episode includes: Alamo Treasure, Hospital Escape, Huey's Quest and UD: Meredith's Mother.",,24,549204,3841,847,PT48M1S,sd,public
Unsolved Mysteries with Robert Stack - Season 2 Episode 3 - Full Episode,2qGGDdqAxf4,Unsolved Mysteries - Full Episodes,2019-03-01T22:00:01Z,"This episode includes: Kay Hall & UD, Update: Thanks Lieutenant Stevens, Coin Scam, Marth's Kennel, Sarah Joe and Baltimore Babynapping.",,24,537234,4582,1365,PT48M25S,sd,public
"Unsolved Mysteries with Robert Stack - Season 5, Episode 17 - Full Episode",Ixd-TahT6hI,Unsolved Mysteries - Full Episodes,2019-03-08T22:05:16Z,"This episode includes: Who Killed Jeanine? Pts. 1 & 2 & UD, UD: Charlie's Angels, Lost Generation & UD, Pigtail Fugitive.",,24,533996,3873,724,PT49M22S,sd,public
"Unsolved Mysteries with Robert Stack - Season 3, Episode 10 - Full Episode",sfiT5gHtjT4,Unsolved Mysteries - Full Episodes,2019-03-07T17:37:33Z,"This episode includes: Down on the Farm, Update: The Promise, Trucker Death, Miracle Staircase, Follow the Shadow.",,24,529992,5338,1302,PT46M25S,sd,public
"Unsolved Mysteries with Robert Stack - Season 5, Episode 20 - Full Episode",CKx0FlwfUJI,Unsolved Mysteries - Full Episodes,2019-03-15T20:17:18Z,"This episode includes: MP Death, UD: Cop Killer Escape, UD: Musician Sings the Blues, Social Security Murder & UD, Footlocker Bones.",,24,526880,4561,834,PT45M7S,sd,public
Unsolved Mysteries with Robert Stack - Season 10 Episode 2 - Full Episode,RDyCoGk0W8Y,Unsolved Mysteries - Full Episodes,2019-03-18T21:21:46Z,"This episode includes: Campus Murder Expose & UD, Walk-Ins, Texas Wife Murder, Pick Ax Savior and Stella.",,24,521919,3944,843,PT45M51S,sd,public
"Unsolved Mysteries with Robert Stack - Season 3, Episode 4 - Full Episode",MAFFjZn8f70,Unsolved Mysteries - Full Episodes,2019-03-07T17:37:55Z,"This episode includes: The Man Who Knew Too Much, Update: Sweetheart Swindler, Dark Dante & UD, The Promise & UD.",,24,522003,4112,802,PT45M33S,sd,public
"Unsolved Mysteries with Robert Stack - Season 5, Episode 18 - Full Episode",XgF79n6otjc,Unsolved Mysteries - Full Episodes,2019-03-08T22:05:18Z,"This episode includes: Rainboy, Motorcycle Murder, Hospital Hoax & UD Hoax, Best Friend's Sister.",,24,520451,4699,1117,PT45M14S,sd,public
"Unsolved Mysteries with Robert Stack - Season 6, Episode 5 - Full Episode",IO0D3GI7xzc,Unsolved Mysteries - Full Episodes,2019-03-11T21:35:59Z,"This episode includes: Robin Hood Rabbi & UD, Missing In-Laws & UD, To Madame with Love and Deadly Dumpster",,24,514056,3897,1449,PT46M7S,sd,public
Unsolved Mysteries with Robert Stack - Season 12 Episode 3 - Full Episode,5FuuF4koMyw,Unsolved Mysteries - Full Episodes,2019-03-22T22:38:38Z,"This episode includes: Ground Zero, Arizona Souvenir Killer, Bowen Out & UD and Fallen Star.",,24,505336,4120,1148,PT43M18S,sd,public
"Unsolved Mysteries with Robert Stack - Season 4, Episode 5 - Full Episode",19D0F1duw14,Unsolved Mysteries - Full Episodes,2019-03-08T22:03:28Z,"This episode includes: Baron 52 Crew, UD: Mary & Martha, Stamper's Rampage & UD.",,24,500998,3859,756,PT44M27S,sd,public
Unsolved Mysteries with Robert Stack - Season 2 Episode 15 - Full Episode,ZHzy9CGodnw,Unsolved Mysteries - Full Episodes,2019-03-01T22:00:02Z,"This episode includes: Wheat Fields, Hit and Run, Update: Sharon's Search and Novel Disappearance.",,24,500933,4146,1075,PT48M10S,sd,public
"Unsolved Mysteries with Robert Stack - Season 2, Episode 11 - Full Episode",Etg6hPvWA9k,Unsolved Mysteries - Full Episodes,2019-03-15T20:29:39Z,"This episode includes: Fool's Gold, Update: Baltimore Babynapping, Suicide Homicide, Baby Broker and Donald Eugene Webb.",,24,498549,4043,888,PT48M15S,sd,public
"Unsolved Mysteries with Robert Stack - Season 7, Episode 17 - Full Episode",P43YJkpixsU,Unsolved Mysteries - Full Episodes,2019-03-12T21:44:32Z,"This episode includes: Noreen Renier & UD, Missing Newborn, Gigi's Amnesia & UD and Unknown Dad & UD.",,24,474224,3441,708,PT45M5S,sd,public
Unsolved Mysteries with Robert Stack - Season 11 Episode 10 - Full Episode,bXtQVzjS6e0,Unsolved Mysteries - Full Episodes,2019-03-21T21:18:46Z,"This episode includes: Heather Tallchief & UD, Burned Evidence, Survivor and Niqui Bride-to-Be.",,24,472306,3634,967,PT45M14S,sd,public
"Unsolved Mysteries with Robert Stack - Season 4, Episode 25 - Full Episode",4oOTBj9f0cY,Unsolved Mysteries - Full Episodes,2019-03-08T22:04:32Z,"This episode includes: Don's Near Miss, UD: Drunk Driver, Eleven Million Dollar Heist & UD, Migrant Twin & UD, Orthodox Jew.",,24,469924,4007,N/A,PT45M42S,sd,public
Unsolved Mysteries with Robert Stack - Season 1 Episode 18 - Full Episode,e8Rr_1-Qrek,Unsolved Mysteries - Full Episodes,2019-03-15T20:42:24Z,"This episode includes: Mickey Thompson & UD, Hairy Escape & UD, Bigfoot, Rainy Day and Maine Petition & UD.",,24,467874,4183,787,PT44M20S,sd,public
Unsolved Mysteries with Robert Stack - Season 11 Episode 6 - Full Episode,9-Y0LoeOfes,Unsolved Mysteries - Full Episodes,2019-03-21T21:18:33Z,"This episode includes: Campus Calamity, Borden House, Kerouac Fan and Kentucky Bomber & UD.",,24,464612,3485,676,PT43M45S,sd,public
Unsolved Mysteries with Robert Stack - Season 2 Episode 8 - Full Episode,3N9ukpsooA8,Unsolved Mysteries - Full Episodes,2019-03-01T22:00:00Z,"This episode includes: Sonny Liston, Update: Locust Grove, Sharon's Search and Campbell Kidnapping.",,24,460715,3809,864,PT45M4S,sd,public
"Unsolved Mysteries with Robert Stack - Season 6, Episode 19 - Full Episode",xR31gKVLF0U,Unsolved Mysteries - Full Episodes,2019-03-11T21:36:38Z,"This episode includes: Healing Touch, Not Suicidal, Shigemoto's Bodyguard & UD and Fatal Obsession & UD.",,24,456217,3794,1135,PT52M45S,sd,public
Unsolved Mysteries with Robert Stack - Season 2 Episode 13 - Full Episode,X11R90OOiEc,Unsolved Mysteries - Full Episodes,2019-03-01T22:00:06Z,"This episode includes: Dreamy Disappearance, Update: Gypsy Fraud, Lucky Choir, Brinks & UD and ATV Murders & UD.",,24,448438,4255,1280,PT49M1S,sd,public
Unsolved Mysteries with Robert Stack - Season 9 Episode 2 - Full Episode,M35p7kV5Qa4,Unsolved Mysteries - Full Episodes,2019-03-15T22:02:02Z,"This episode includes: Southern Disappearance, Playboy Con Man & UD, UD: Florida Crime Spree, College Student Murders & UD and Message in a Bottle.",,24,436334,3831,922,PT43M56S,sd,public
"Unsolved Mysteries with Robert Stack - Season 6, Episode 1 - Full Episode",Bd2ZIlGSDBQ,Unsolved Mysteries - Full Episodes,2019-03-11T21:35:49Z,"This episode includes: Reincarnated Submariner (Pts. 1 & 2), UD: Cult of Decloud, Chicago Hit & Run and Tornado Disappearance & UD.",,24,435342,3351,629,PT43M40S,sd,public
"Unsolved Mysteries with Robert Stack - Season 5, Episode 21 - Full Episode",fGclHLNAsCs,Unsolved Mysteries - Full Episodes,2019-03-08T22:05:26Z,"This episode includes: Casolaro, If The Truth Be Known & UD, Rest Stop Killer, Purvis Confession & UD.",,24,425271,3824,N/A,PT48M33S,sd,public
Unsolved Mysteries with Robert Stack - Season 10 Episode 1 - Full Episode,Tsgd1XNNEWY,Unsolved Mysteries - Full Episodes,2019-03-18T21:21:49Z,"This episode includes: Who Plugged Bugsy?, Colorado Cop Killer & UD, Suddenly Psychic, The Wrong Grave and Wiseguy Wannabe & UD.",,24,416417,3416,513,PT45M23S,sd,public
"Unsolved Mysteries with Robert Stack - Season 4, Episode 19 - Updated Full Episode",7bSJm8UMlqg,Unsolved Mysteries - Full Episodes,2021-07-27T16:30:14Z,"This episode includes: Getaway Photo & UD, Looking for Angeline & UD, UD: Nine Lives and Mom & Pop Murders.

Hosted by Robert Stack, this series uses re-enactments and interviews to retell the circumstances of, well, mysteries that are unsolved. Includes case updates.

#unsolvedmysteries #classicepisodes #original #robertstack #dennisfarina","True Crime,Unsolved Mysteries,Robert Stack,Update",1,416840,3838,552,PT48M19S,sd,public
"Unsolved Mysteries with Robert Stack - Season 6, Episode 17 - Full Episode",2Lp1mkOXwRA,Unsolved Mysteries - Full Episodes,2019-03-11T21:36:32Z,"This episode includes: Incredible Journeys (Pts. 1 & 2), Interceptors, UD: Shroud of Turin and Whistle Blown (Pts. 1 & 2).",,24,414789,3451,782,PT45M12S,sd,public
"Unsolved Mysteries with Robert Stack - Season 3, Episode 17 - Updated Full Episode",ReGKPJ_qkcs,Unsolved Mysteries - Full Episodes,2021-07-27T16:30:14Z,"This episode includes: Sean Don Con, Update: Amelia Earhart, Folsom Escape & UD, and Lost Sailor & UD.

Hosted by Robert Stack, this series uses re-enactments and interviews to retell the circumstances of, well, mysteries that are unsolved. Includes case updates.

#unsolvedmysteries #classicepisodes #original #robertstack #dennisfarina","True Crime,Unsolved Mysteries,Robert Stack,Update",1,407820,3693,604,PT46M53S,sd,public
"Unsolved Mysteries with Robert Stack - Season 7, Episode 4 - Full Episode",iNKu6OFPV94,Unsolved Mysteries - Full Episodes,2019-03-12T21:43:57Z,"This episode includes: Life After Lightning, Near Death Experiences, Always Karen, Pts. 1 & 2 and Gordy's Ghost, Pts. 1 & 2.",,24,386986,3180,602,PT48M12S,sd,public
Unsolved Mysteries with Robert Stack - Season 2 Episode 19 - Full Episode,RCPDL_PXltA,Unsolved Mysteries - Full Episodes,2019-03-01T22:00:04Z,"This episode includes: RFK, Voice From the Grave, Update: Thanks Captain Sharp and No One Spared.","Unsolved Mysteries,Robert Stack,Full Episode,FilmRise,True Crime,Crime,Free TV,Free,Mystery",24,380554,3216,729,PT46M17S,sd,public
Unsolved Mysteries with Robert Stack - Season 8 Episode 1 - Full Episode,37IlM2gYg7Y,Unsolved Mysteries - Full Episodes,2019-03-14T20:12:18Z,"This episode includes: Brandon Lee, Missing Anchorwoman, First Love, Second Chance & UD, Killer Castro and Gulf P.O.W. Dream.",,24,376605,3207,617,PT43M41S,sd,public
"Unsolved Mysteries with Robert Stack - Season 1, Episode 14 - Updated Full Episode",tqgClK5IG4s,Unsolved Mysteries - Full Episodes,2022-03-16T19:28:17Z,"This episode includes: Carnies, VA Cop Killer & UD, Red Lake Heir & UD, Leo Koury & UD, Hayward Kidnapping and Tatum's Ghost.

Hosted by Robert Stack, this series uses re-enactments and interviews to retell the circumstances of, well, mysteries that are unsolved. Includes case updates.","True Crime,Unsolved Mysteries,Robert Stack,Update",1,375271,3626,463,PT46M45S,sd,public
Unsolved Mysteries with Robert Stack - Season 9 Episode 8 - Full Episode,gC80aSWThqc,Unsolved Mysteries - Full Episodes,2019-03-15T22:01:48Z,"This episode includes: Children's Past Lives, Pet Heroes, Zip Gun Bomber, Hotel Balcony Death & UD and Glendeen's Goal & UD.",,24,371628,2936,657,PT44M36S,sd,public
"Unsolved Mysteries with Robert Stack - Season 1, Episode 6 - New Updated Full Episode",djePeEAAlmY,Unsolved Mysteries - Full Episodes,2022-03-16T19:28:17Z,"This episode includes: Son of Sam Pt. 1, Mystery Cowboy, Slain Swain & UD and Update: Badlands.

Hosted by Robert Stack, this series uses re-enactments and interviews to retell the circumstances of, well, mysteries that are unsolved. Includes case updates.","True Crime,Unsolved Mysteries,Robert Stack,Update",1,364100,3541,518,PT45M33S,sd,public
Unsolved Mysteries with Robert Stack - Season 8 Episode 12 - Full Episode,5b4jitJRwdM,Unsolved Mysteries - Full Episodes,2019-03-14T20:11:44Z,"This episode includes: Comedy Store Ghosts, New Year's Samaritan & UD, UD: Fritz & the Soldiers, NY Serial Rapist & UD and Suspicious Suicide.",,24,362428,3184,641,PT46M36S,sd,public
"Unsolved Mysteries with Robert Stack - Season 3, Episode 6 - Updated Full Episode",OFTmIIQP2X0,Unsolved Mysteries - Full Episodes,2022-03-16T19:28:17Z,"This episode includes: Real Twin Peaks & UD, Update: Baby Broker, Twins, Mary and Martha & UD, Serial Child Molester & UD.

Hosted by Robert Stack, this series uses re-enactments and interviews to retell the circumstances of, well, mysteries that are unsolved. Includes case updates.","True Crime,Unsolved Mysteries,Robert Stack,Update",1,345234,3116,420,PT52M58S,sd,public
Unsolved Mysteries with Robert Stack - Season 10 Episode 9 - Full Episode,bj1X3IndR6U,Unsolved Mysteries - Full Episodes,2019-03-18T21:21:32Z,"This episode includes: Cheerleader Murder, Phoenix UFO, Marine Destroyed & UD, Murdered Mom, Missing Baby and UD: Last Wish, Lost Love.",,24,340894,3326,683,PT43M55S,sd,public
Unsolved Mysteries with Robert Stack - Season 8 Episode 2 - Full Episode,hzWwY7tmjNE,Unsolved Mysteries - Full Episodes,2019-03-14T20:12:16Z,"This episode includes: Deadly Doses & UD, Missing Bird People, Baby's Breath and Fawzi's Son & UD.",,24,331634,2687,645,PT43M30S,sd,public
"Unsolved Mysteries with Robert Stack - Season 1, Episode 22 - Updated Full Episode",IylMEOno8Ck,Unsolved Mysteries - Full Episodes,2021-07-27T16:30:14Z,"This episode includes: Pizza Man & UD, The Dale & UD, Update: Mrs. Millionaire and Teri's Killer.

Hosted by Robert Stack, this series uses re-enactments and interviews to retell the circumstances of, well, mysteries that are unsolved. Includes case updates.

#unsolvedmysteries #classicepisodes #original #robertstack #dennisfarina","True Crime,Unsolved Mysteries,Robert Stack,Update",1,259641,2517,707,PT44M13S,sd,public
"Unsolved Mysteries with Robert Stack - Season 3, Episode 2 - Full Episode",opOW9pkokME,Unsolved Mysteries - Full Episodes,2019-03-07T17:38:01Z,"This episode includes: Bermuda Triangle, Prison Mom & UD, Heck - He's Gone & UD, Scare Tactics.",,24,252254,2117,465,PT47M53S,sd,public
"Unsolved Mysteries with Robert Stack - Season 9, Episode 6 - Updated Full Episode",BXuoqtaEVk0,Unsolved Mysteries - Full Episodes,2021-07-27T16:30:14Z,"This episode includes: The Blob, Texas A&M Rapist & UD, Qi Gong, Southie & UD and Where's Baby Le-Zahn? & UD. 

Hosted by Robert Stack, this series uses re-enactments and interviews to retell the circumstances of, well, mysteries that are unsolved. Includes case updates.

#unsolvedmysteries #classicepisodes #original #robertstack #dennisfarina","True Crime,Unsolved Mysteries,Robert Stack,Update",1,220936,2017,537,PT49M27S,sd,public
"Unsolved Mysteries with Robert Stack - Season 9, Episode 18 - Updated Full Episode",6mUwfsEGKDc,Unsolved Mysteries - Full Episodes,2022-03-16T19:28:17Z,"This episode includes: Salvatore Spinnato & UD, Miracle Maker, Beauty Salon Killer & UD, Such is Life & UD and Atlanta Bombings & UD.

Hosted by Robert Stack, this series uses re-enactments and interviews to retell the circumstances of, well, mysteries that are unsolved. Includes case updates.","True Crime,Unsolved Mysteries,Robert Stack,Update",1,174186,1698,169,PT44M30S,sd,public
"Unsolved Mysteries with Dennis Farina - Season 7, Episode 22 - Updated Full Episode",MyeJHSmYnUw,Unsolved Mysteries - Full Episodes,2021-07-27T16:30:14Z,"This episode includes: Christmas Party Murder, Myrtles Plantation, California Killing, Asteroids & Meteors, Brief Encounter and Pick Axe Savior.

Hosted by Dennis Farina, this series uses re-enactments and interviews to retell the circumstances of, well, mysteries that are unsolved. Covering crimes, tales of lost love, unexplained history and paranormal events, viewers are encouraged to call in with information that might solve the mystery.

#unsolvedmysteries #classicepisodes #original #robertstack #dennisfarina","True Crime,Unsolved Mysteries,Dennis Farina,Update",1,106040,916,105,PT42M53S,hd,public
Unsolved Mysteries with Dennis Farina - Season 8 Episode 8,mIR9sMIHvAc,Unsolved Mysteries - Full Episodes,2017-02-22T19:44:29Z,"This episode includes: Vice Cop, Searching for Morgan, Sign from Heaven, Pizza Bandits, Lucie's Last Fare and Loving's Lost Love.

#unsolvedmysteries #classicepisodes #original #robertstack #dennisfarina","Crime,Mystery,Unsolved,Dennis Farina,FilmRise",24,78306,586,108,PT42M34S,hd,public
UNSOLVED MYSTERIES: Chilling case of Muslim girl's Forbidden Love Affair with Uncle end in Tragedy,Xa15YOX-ZRw,untold mysteries ,2025-04-21T06:35:45Z,"Muslim family scandal ends in tragedy 

join us uncover this chilling mystery 
#murdermystery #crimeinvestigation #betrayal #crimedrama #crimestory #familybetrayal #truecrimestories #crime #crimefiction #detectivemystery #TrueCrime #JusticeServed #PoliceMisconduct #RacialProfiling #CorruptOfficer #WidowFightsBack #PowerOfThePeople #MayorJonathanCarter #SmallTownJustice #RacialInjustice #StandUpForJustice #JusticeForAll #TrueCrimeStory #Accountability #CivilRights #Empowerment #SocialJustice #CrimeAndPunishment #Whistleblower #FightingForJustice #FightForYourRights #CorruptionExposed #ViralJustice #CommunityPower #InjusticeExposed #JusticeSystem #PoliceAbuse #CourageAndStrength #FightBack #DefyingAuthority #BreakingTheCycle

Disclaimer:

this is not a real crime it's a fictional story for educational purposes only",,27,6,N/A,N/A,PT26M15S,sd,public
