imdb_series_id,imdb_episode_id,season_number,episode_number,season_label,episode_title,episode_title_original,episode_year,episode_air_date,runtime_minutes,genres,imdb_rating,imdb_votes
tt0247882,tt1469597,1,1,S1,The Disappearance of Helle Crafts,The Disappearance of Helle Crafts,1996,,23,"Crime,Documentary",7.7,253
tt0247882,tt1469601,1,2,S1,The Magic Bullet,The Magic Bullet,1996,,23,"Crime,Documentary",7.4,204
tt0247882,tt1469599,1,3,S1,The House That Roared,The House That Roared,1996,,23,"Crime,Documentary",7.0,173
tt0247882,tt1469598,1,4,S1,The Footpath Murders,The Footpath Murders,1996,,,"Crime,Documentary",7.7,136
tt0247882,tt1469594,1,5,S1,Planted Evidence,Planted Evidence,1996,,23,"Crime,Documentary",7.0,158
tt0247882,tt1469596,1,6,S1,Southside Strangler,Southside Strangler,1996,,22,"Crime,Documentary",7.5,156
tt0247882,tt1469592,1,7,S1,Legionnaires' Disease,Legionnaires' Disease,1996,,22,"Crime,Documentary",7.2,147
tt0247882,tt1469602,1,8,S1,The Wilson Murder,The Wilson Murder,1996,,23,"Crime,Documentary",6.9,151
tt0247882,tt1469590,1,9,S1,Deadly Neighborhoods,Deadly Neighborhoods,1996,,,"Crime,Documentary",6.8,80
tt0247882,tt1469591,1,10,S1,Insect Clues,Insect Clues,1996,,23,"Crime,Documentary",7.1,142
tt0247882,tt1469593,1,11,S1,Outbreak,Outbreak,1996,,23,"Crime,Documentary",7.2,115
tt0247882,tt1469600,1,12,S1,The List Murders,The List Murders,1996,,22,"Crime,Documentary",8.5,254
tt0247882,tt1469595,1,13,S1,Raw Terror,Raw Terror,1996,,,"Crime,Documentary",7.4,113
tt0247882,tt1472368,2,1,S2,The Common Thread,The Common Thread,1997,,21,"Crime,Documentary",7.7,151
tt0247882,tt1472369,2,2,S2,The Dirty Deed,The Dirty Deed,1997,,22,"Crime,Documentary",7.2,151
tt0247882,tt1472364,2,3,S2,Killer Fog,Killer Fog,1997,,22,"Crime,Documentary",7.1,148
tt0247882,tt1472469,2,4,S2,"Sex, Lies and DNA","Sex, Lies and DNA",1997,,22,"Crime,Documentary",7.4,145
tt0247882,tt1472360,2,5,S2,Bitter Potion,Bitter Potion,1997,,21,"Crime,Documentary",7.8,141
tt0247882,tt1472367,2,6,S2,The Blood Trail,The Blood Trail,1997,,22,"Crime,Documentary",7.5,137
tt0247882,tt1472363,2,7,S2,Fatal Fungus,Fatal Fungus,1997,,21,"Crime,Documentary",7.3,119
tt0247882,tt1472361,2,8,S2,Charred Remains,Charred Remains,1997,,22,"Crime,Documentary",7.6,140
tt0247882,tt1472366,2,9,S2,Something's Fishy,Something's Fishy,1997,,21,"Crime,Documentary",7.9,135
tt0247882,tt1472468,2,10,S2,Sealed with a Kiss,Sealed with a Kiss,1997,,,"Crime,Documentary",7.7,110
tt0247882,tt1472365,2,11,S2,Postal Mortem,Postal Mortem,1997,,22,"Crime,Documentary",7.5,130
tt0247882,tt1472467,2,12,S2,Micro-Clues,Micro-Clues,1997,,22,"Crime,Documentary",7.4,125
tt0247882,tt1472362,2,13,S2,Deadly Parasites,Deadly Parasites,1997,,,"Crime,Documentary",7.3,97
tt0247882,tt1469603,3,1,S3,Without a Trace,Without a Trace,1998,,21,"Crime,Documentary",7.5,125
tt0247882,tt0645493,3,2,S3,Knot for Everyone,Knot for Everyone,1998,,21,"Crime,Documentary",7.3,124
tt0247882,tt1474043,3,3,S3,The Talking Skull,The Talking Skull,1998,,21,"Crime,Documentary",7.7,137
tt0247882,tt1478066,3,4,S3,Foreign Body,Foreign Body,1998,,,"Crime,Documentary",7.6,69
tt0247882,tt0947422,3,5,S3,Deadly Delivery,Deadly Delivery,1998,,22,"Crime,Documentary",7.3,127
tt0247882,tt1474297,3,6,S3,Similar Circumstances,Similar Circumstances,1998,,22,"Crime,Documentary",7.4,123
tt0247882,tt1474298,3,7,S3,Grave Evidence,Grave Evidence,1998,,21,"Crime,Documentary",7.1,117
tt0247882,tt1474040,3,8,S3,Deadly Formula,Deadly Formula,1998,,21,"Crime,Documentary",7.4,115
tt0247882,tt1474039,3,9,S3,Beaten by a Hair,Beaten by a Hair,1998,,22,"Crime,Documentary",7.6,136
tt0247882,tt1476690,3,10,S3,Crime Seen,Crime Seen,1998,,21,"Crime,Documentary",7.6,119
tt0247882,tt1474042,3,11,S3,Speck of Evidence,Speck of Evidence,1998,,22,"Crime,Documentary",7.5,126
tt0247882,tt0777459,3,12,S3,Broken Bond,Broken Bond,1998,,21,"Crime,Documentary",7.5,106
tt0247882,tt1474041,3,13,S3,Out of the Ashes,Out of the Ashes,1998,,22,"Crime,Documentary",7.5,124
tt0247882,tt1477432,4,1,S4,Invisible Intruder,Invisible Intruder,1999,,21,"Crime,Documentary",7.8,149
tt0247882,tt1477434,4,2,S4,The Killing Room,The Killing Room,1999,,21,"Crime,Documentary",7.3,132
tt0247882,tt1477435,4,3,S4,Ultimate Betrayal,Ultimate Betrayal,1999,,21,"Crime,Documentary",7.4,112
tt0247882,tt1478067,4,4,S4,Cement the Case,Cement the Case,1999,,21,"Crime,Documentary",7.1,122
tt0247882,tt1477431,4,5,S4,Innocence Lost,Innocence Lost,1999,,21,"Crime,Documentary",7.3,118
tt0247882,tt1477428,4,6,S4,'Til Death Do Us Part,'Til Death Do Us Part,1999,,21,"Crime,Documentary",7.6,127
tt0247882,tt0645494,4,7,S4,Ties That Bind,Ties That Bind,1999,,30,"Crime,Documentary",7.8,116
tt0247882,tt0645492,4,8,S4,Body of Evidence,Body of Evidence,1999,,21,"Crime,Documentary",7.5,135
tt0247882,tt1477429,4,9,S4,Accident or Murder?,Accident or Murder?,1999,,21,"Crime,Documentary",7.5,126
tt0247882,tt1477430,4,10,S4,Core Evidence,Core Evidence,1999,,21,"Crime,Documentary",7.0,97
tt0247882,tt0771868,4,11,S4,Haunting Vision,Haunting Vision,1999,,21,"Crime,Documentary",7.9,160
tt0247882,tt1477436,4,12,S4,With Every Breath,With Every Breath,1999,,21,"Crime,Documentary",7.0,116
tt0247882,tt1477433,4,13,S4,Slippery Motives,Slippery Motives,1999,,21,"Crime,Documentary",7.3,135
tt0247882,tt0581455,5,1,S5,Badge of Deceit,Badge of Deceit,2000,,22,"Crime,Documentary",7.3,118
tt0247882,tt3969464,5,2,S5,Dew Process,Dew Process,2000,,22,"Crime,Documentary",7.4,118
tt0247882,tt3972282,5,3,S5,A Woman Scorned,A Woman Scorned,2000,,22,"Crime,Documentary",7.2,117
tt0247882,tt3972280,5,4,S5,A Voice from Beyond,A Voice from Beyond,2000,,22,"Crime,Documentary",7.9,142
tt0247882,tt4728716,5,5,S5,Burning Ambition,Burning Ambition,2000,,22,"Crime,Documentary",7.1,119
tt0247882,tt3974844,5,6,S5,Memories,Memories,2000,,,"Crime,Documentary",7.6,85
tt0247882,tt4888858,5,7,S5,Trail of Truth,Trail of Truth,2000,,23,"Crime,Documentary",7.5,105
tt0247882,tt2507910,5,8,S5,Material Evidence,Material Evidence,2000,,23,"Crime,Documentary",7.6,118
tt0247882,tt0581451,5,9,S5,'Kill'igraphy,'Kill'igraphy,2000,,22,"Crime,Documentary",7.5,130
tt0247882,tt4728714,5,10,S5,Nursery Crimes,Nursery Crimes,2000,,22,"Crime,Documentary",7.3,106
tt0247882,tt4728712,5,11,S5,Lasting Impression,Lasting Impression,2000,,22,"Crime,Documentary",7.3,114
tt0247882,tt4728710,5,12,S5,Foundation of Lies,Foundation of Lies,2000,,22,"Crime,Documentary",7.5,128
tt0247882,tt4728708,5,13,S5,Unholy Vows,Unholy Vows,2000,,22,"Crime,Documentary",7.1,116
tt0247882,tt1477304,5,14,S5,Broken Promises,Broken Promises,2000,,22,"Crime,Documentary",7.6,128
tt0247882,tt4889160,5,15,S5,Time Will Tell,Time Will Tell,2000,,23,"Crime,Documentary",7.5,113
tt0247882,tt1359161,5,16,S5,Second Shot at Love,Second Shot at Love,2000,,,"Crime,Documentary",7.4,112
tt0247882,tt4889310,5,17,S5,Journey to Justice,Journey to Justice,2001,,22,"Crime,Documentary",7.1,108
tt0247882,tt3961288,5,18,S5,Video Diary,Video Diary,2001,,,"Crime,Documentary",7.2,99
tt0247882,tt4722200,5,19,S5,Deadly Knowledge,Deadly Knowledge,2001,,22,"Crime,Documentary",7.2,121
tt0247882,tt4728728,6,1,S6,Missing in Time,Missing in Time,2001,,,"Crime,Documentary",7.4,110
tt0247882,tt3962874,6,2,S6,Missing Pearl,Missing Pearl,2001,,22,"Crime,Documentary",7.1,120
tt0247882,tt4728698,6,3,S6,Man's Best Friend?,Man's Best Friend?,2001,,22,"Crime,Documentary",7.2,106
tt0247882,tt4728706,6,4,S6,Hand Delivered,Hand Delivered,2001,,23,"Crime,Documentary",7.2,116
tt0247882,tt4728700,6,5,S6,Death Play,Death Play,2001,,,"Crime,Documentary",7.4,91
tt0247882,tt4728726,6,6,S6,Fire Dot Com,Fire Dot Com,2001,,22,"Crime,Documentary",7.5,113
tt0247882,tt4895542,6,7,S6,Mistaken for Dead,Mistaken for Dead,2001,,23,"Crime,Documentary",7.6,112
tt0247882,tt0964272,6,8,S6,Frozen Evidence,Frozen Evidence,2001,,22,"Crime,Documentary",7.0,112
tt0247882,tt1656307,6,9,S6,Soft Touch,Soft Touch,2001,,22,"Crime,Documentary",7.0,103
tt0247882,tt4728724,6,10,S6,Church Disappearance,Church Disappearance,2001,,23,"Crime,Documentary",7.4,111
tt0247882,tt3997054,6,11,S6,Photo Finish,Photo Finish,2001,,22,"Crime,Documentary",7.5,118
tt0247882,tt4000634,6,12,S6,Whodunit,Whodunit,2001,,22,"Crime,Documentary",7.4,119
tt0247882,tt4000632,6,13,S6,Horse Play,Horse Play,2001,,22,"Crime,Documentary",7.5,117
tt0247882,tt4907140,6,14,S6,Treads and Threads,Treads and Threads,2001,,22,"Crime,Documentary",7.6,104
tt0247882,tt4006346,6,15,S6,Killer's 'Cattle' Log,Killer's 'Cattle' Log,2001,,22,"Crime,Documentary",7.7,115
tt0247882,tt4006348,6,16,S6,Skin of Her Teeth,Skin of Her Teeth,2001,,22,"Crime,Documentary",7.9,123
tt0247882,tt4728722,6,17,S6,Line of Fire,Line of Fire,2001,,23,"Crime,Documentary",7.0,104
tt0247882,tt4728696,6,18,S6,Bad Blood,Bad Blood,2001,,22,"Crime,Documentary",8.1,155
tt0247882,tt4728720,6,19,S6,Pure Evil,Pure Evil,2001,,23,"Crime,Documentary",7.7,120
tt0247882,tt4728702,6,20,S6,Root of All Evil,Root of All Evil,2001,,22,"Crime,Documentary",7.4,114
tt0247882,tt4011200,6,21,S6,Where the Blood Drops,Where the Blood Drops,2001,,22,"Crime,Documentary",6.8,97
tt0247882,tt4728718,6,22,S6,Punch Line,Punch Line,2001,,22,"Crime,Documentary",7.4,104
tt0247882,tt1863709,6,23,S6,Sibling Rivalry,Sibling Rivalry,2001,,23,"Crime,Documentary",7.0,110
tt0247882,tt4011198,6,24,S6,Pastoral Care,Pastoral Care,2001,,22,"Crime,Documentary",7.1,116
tt0247882,tt1482310,6,25,S6,Bagging a Killer,Bagging a Killer,2001,,23,"Crime,Documentary",7.5,112
tt0247882,tt4728704,6,26,S6,Double Trouble,Double Trouble,2001,,22,"Crime,Documentary",7.0,107
tt0247882,tt4015402,6,27,S6,"Cats, Flies and Snapshots","Cats, Flies and Snapshots",2001,,22,"Crime,Documentary",7.0,98
tt0247882,tt4015400,6,28,S6,Naked Justice,Naked Justice,2001,,22,"Crime,Documentary",7.1,109
tt0247882,tt4017426,6,29,S6,Treading Not So Lightly,Treading Not So Lightly,2001,,22,"Crime,Documentary",7.5,121
tt0247882,tt4017424,6,30,S6,Shopping Spree,Shopping Spree,2001,,22,"Crime,Documentary",7.4,122
tt0247882,tt0581467,7,1,S7,The Cheater,The Cheater,2002,,,"Crime,Documentary",7.4,102
tt0247882,tt0962343,7,2,S7,Forever Hold Your Peace,Forever Hold Your Peace,2002,,22,"Crime,Documentary",7.5,108
tt0247882,tt0581463,7,3,S7,Reel Danger,Reel Danger,2002,,22,"Crime,Documentary",7.2,106
tt0247882,tt0581472,7,4,S7,Who's Your Daddy,Who's Your Daddy,2002,,,"Crime,Documentary",7.0,106
tt0247882,tt0581466,7,5,S7,The Alibi,The Alibi,2002,,23,"Crime,Documentary",7.5,115
tt0247882,tt4946072,7,6,S7,A Bite Out of Crime,A Bite Out of Crime,2002,,,"Crime,Documentary",7.0,55
tt0247882,tt4022384,7,7,S7,Purr-Fect Match,Purr-Fect Match,2002,,22,"Crime,Documentary",7.1,99
tt0247882,tt3259116,7,8,S7,Bio-Attack,Bio-Attack,2002,,22,"Crime,Documentary",7.2,103
tt0247882,tt4736312,7,9,S7,A Shot in the Dark,A Shot in the Dark,2002,,22,"Crime,Documentary",6.8,91
tt0247882,tt4025290,7,10,S7,Without a Prayer,Without a Prayer,2002,,22,"Crime,Documentary",7.4,107
tt0247882,tt4027516,7,11,S7,A Clutch of Witnesses,A Clutch of Witnesses,2002,,23,"Crime,Documentary",7.1,101
tt0247882,tt4566486,7,12,S7,Scout's Honor,Scout's Honor,2003,,,"Crime,Documentary",6.7,98
tt0247882,tt3956800,7,13,S7,A Touching Recollection,A Touching Recollection,2003,,22,"Crime,Documentary",7.0,98
tt0247882,tt0581453,7,14,S7,A Leg to Stand On,A Leg to Stand On,2003,,23,"Crime,Documentary",7.0,102
tt0247882,tt4736310,7,15,S7,Partners in Crime,Partners in Crime,2003,,,"Crime,Documentary",6.8,94
tt0247882,tt0581473,7,16,S7,Within a Hair,Within a Hair,2002,,22,"Crime,Documentary",7.2,95
tt0247882,tt2610674,7,17,S7,Chief Evidence,Chief Evidence,2002,,22,"Crime,Documentary",7.2,94
tt0247882,tt0842368,7,18,S7,A Bitter Pill to Swallow,A Bitter Pill to Swallow,2002,,,"Crime,Documentary",7.6,101
tt0247882,tt2610686,7,19,S7,Sip of Sins,Sip of Sins,2003,,22,"Crime,Documentary",7.5,98
tt0247882,tt2610698,7,20,S7,Telltale Tracks,Telltale Tracks,2002,,22,"Crime,Documentary",7.4,93
tt0247882,tt2610702,7,21,S7,Ghost in the Machine,Ghost in the Machine,2003,,22,"Crime,Documentary",7.0,93
tt0247882,tt2610704,7,22,S7,Frozen in Time,Frozen in Time,2003,,,"Crime,Documentary",7.5,92
tt0247882,tt2610708,7,23,S7,Cold Storage,Cold Storage,2003,,,"Crime,Documentary",7.2,108
tt0247882,tt2610706,7,24,S7,The Metal Business,The Metal Business,2002,,22,"Crime,Documentary",7.4,112
tt0247882,tt2610710,7,25,S7,Dressed to Kill,Dressed to Kill,2003,,23,"Crime,Documentary",7.6,104
tt0247882,tt2610714,7,26,S7,Palm Print Conviction,Palm Print Conviction,2002,,22,"Crime,Documentary",7.0,94
tt0247882,tt0581470,7,27,S7,A Vow of Silence,A Vow of Silence,2002,,,"Crime,Documentary",7.1,82
tt0247882,tt2610730,7,28,S7,Elephant Tracks,Elephant Tracks,2002,,22,"Crime,Documentary",7.1,107
tt0247882,tt2611174,7,29,S7,A Bag of Evidence,A Bag of Evidence,2003,,22,"Crime,Documentary",7.1,95
tt0247882,tt2611176,7,30,S7,Tooth or Consequences,Tooth or Consequences,2003,,22,"Crime,Documentary",7.1,93
tt0247882,tt2611178,7,31,S7,The Sniffing Revenge,The Sniffing Revenge,2003,,,"Crime,Documentary",6.7,81
tt0247882,tt2611180,7,32,S7,Sleight of Hand,Sleight of Hand,2003,,,"Crime,Documentary",7.2,76
tt0247882,tt2611182,7,33,S7,Scratching the Surface,Scratching the Surface,2003,,23,"Crime,Documentary",6.8,87
tt0247882,tt1308430,7,34,S7,Fire Proof,Fire Proof,2003,,22,"Crime,Documentary",7.4,87
tt0247882,tt1076398,7,35,S7,X Marks the Spot,X Marks the Spot,2003,,,"Crime,Documentary",7.8,81
tt0247882,tt0766784,7,36,S7,All Charged Up,All Charged Up,2002,,,"Crime,Documentary",7.2,75
tt0247882,tt0581457,7,37,S7,Breaking the Mold,Breaking the Mold,2002,,22,"Crime,Documentary",7.8,105
tt0247882,tt2611186,7,38,S7,House Call,House Call,2003,,22,"Crime,Documentary",7.1,106
tt0247882,tt2611190,7,39,S7,Marathon Man,Marathon Man,2003,,,"Crime,Documentary",7.0,74
tt0247882,tt2611192,7,40,S7,The Sniper's Trail,The Sniper's Trail,2003,,,"Crime,Documentary",7.4,70
tt0247882,tt2611196,7,41,S7,Plastic Fire,Plastic Fire,2003,,22,"Crime,Documentary",6.8,97
tt0247882,tt1704831,7,42,S7,Last Will,Last Will,2003,,22,"Crime,Documentary",7.8,115
tt0247882,tt0978086,8,1,S8,Dessert Served Cold,Dessert Served Cold,2003,,22,"Crime,Documentary",7.0,95
tt0247882,tt4769400,8,2,S8,The Music Case,The Music Case,2003,,23,"Crime,Documentary",7.2,104
tt0247882,tt2609114,8,3,S8,Paintball,Paintball,2003,,23,"Crime,Documentary",7.5,97
tt0247882,tt0581465,8,4,S8,Sign Here,Sign Here,2003,,22,"Crime,Documentary",7.3,112
tt0247882,tt2609120,8,5,S8,Shadow of a Doubt,Shadow of a Doubt,2003,,22,"Crime,Documentary",7.6,110
tt0247882,tt0581469,8,6,S8,Tourist Trap,Tourist Trap,2003,,22,"Crime,Documentary",7.6,115
tt0247882,tt1749701,8,7,S8,Once Bitten,Once Bitten,2003,,22,"Crime,Documentary",7.7,100
tt0247882,tt2609126,8,8,S8,All Wet,All Wet,2003,,22,"Crime,Documentary",7.2,103
tt0247882,tt1015668,8,9,S8,Shot of Vengeance,Shot of Vengeance,2003,,22,"Crime,Documentary",7.6,110
tt0247882,tt1326485,8,10,S8,Dinner and a Movie,Dinner and a Movie,2003,,22,"Crime,Documentary",7.4,100
tt0247882,tt2609132,8,11,S8,A Wrong Foot,A Wrong Foot,2003,,22,"Crime,Documentary",7.4,101
tt0247882,tt2609134,8,12,S8,Order Up,Order Up,2003,,22,"Crime,Documentary",6.9,100
tt0247882,tt0581471,8,13,S8,When the Dust Settled,When the Dust Settled,2003,,22,"Crime,Documentary",6.8,99
tt0247882,tt1749695,8,14,S8,A Welcome Intrusion,A Welcome Intrusion,2003,,22,"Crime,Documentary",7.5,102
tt0247882,tt2609142,8,15,S8,Within Arm's Reach,Within Arm's Reach,2003,,22,"Crime,Documentary",7.2,92
tt0247882,tt0581462,8,16,S8,Private Thoughts,Private Thoughts,2004,,22,"Crime,Documentary",7.1,99
tt0247882,tt2609148,8,17,S8,Brotherhoods,Brotherhoods,2004,,23,"Crime,Documentary",6.8,92
tt0247882,tt2609150,8,18,S8,Hair of the Dog,Hair of the Dog,2003,,22,"Crime,Documentary",6.9,90
tt0247882,tt2609152,8,19,S8,Breaking News,Breaking News,2003,,22,"Crime,Documentary",7.3,96
tt0247882,tt1749696,8,20,S8,All the World's a Stage,All the World's a Stage,2003,,22,"Crime,Documentary",7.1,94
tt0247882,tt2609160,8,21,S8,The Big Chill,The Big Chill,2003,,22,"Crime,Documentary",7.0,90
tt0247882,tt0581456,8,22,S8,Bound for Jail,Bound for Jail,2003,,22,"Crime,Documentary",7.4,93
tt0247882,tt1228278,8,23,S8,Sphere of Influence,Sphere of Influence,2003,,22,"Crime,Documentary",7.2,96
tt0247882,tt1477305,8,24,S8,Nailed,Nailed,2003,,22,"Crime,Documentary",7.2,92
tt0247882,tt0859318,8,25,S8,Sign of the Zodiac,Sign of the Zodiac,2005,,22,"Crime,Documentary",7.7,102
tt0247882,tt2609166,8,26,S8,Letter Perfect,Letter Perfect,2003,,23,"Crime,Documentary",7.2,96
tt0247882,tt2609168,8,27,S8,True Lies,True Lies,2004,,22,"Crime,Documentary",7.2,95
tt0247882,tt1749697,8,28,S8,Bed of Deceit,Bed of Deceit,2004,,22,"Crime,Documentary",7.2,89
tt0247882,tt2609178,8,29,S8,Smoke in Your Eyes,Smoke in Your Eyes,2004,,22,"Crime,Documentary",6.8,92
tt0247882,tt2609184,8,30,S8,Flower Power,Flower Power,2004,,22,"Crime,Documentary",7.3,91
tt0247882,tt2609188,8,31,S8,Past Lives,Past Lives,2004,,22,"Crime,Documentary",7.3,92
tt0247882,tt0772471,8,32,S8,Over and Out,Over and Out,2004,,23,"Crime,Documentary",7.1,101
tt0247882,tt1749698,8,33,S8,Death by a Salesman,Death by a Salesman,2004,,23,"Crime,Documentary",7.1,90
tt0247882,tt1749706,8,34,S8,Web of Seduction,Web of Seduction,2004,,22,"Crime,Documentary",7.3,90
tt0247882,tt1749700,8,35,S8,Grounds for Indictment,Grounds for Indictment,2004,,23,"Crime,Documentary",6.9,88
tt0247882,tt0840511,8,36,S8,Duelling Confessions,Duelling Confessions,2006,,23,"Crime,Documentary",7.4,95
tt0247882,tt2609198,8,37,S8,Traces of Truth,Traces of Truth,2004,,22,"Crime,Documentary",7.1,86
tt0247882,tt2609204,8,38,S8,Honor Thy Father,Honor Thy Father,2004,,,"Crime,Documentary",7.2,86
tt0247882,tt4057550,8,39,S8,Hack Attack,Hack Attack,2006,,24,"Crime,Documentary",7.1,87
tt0247882,tt4761182,8,40,S8,Deadly Curve,Deadly Curve,2005,,22,"Crime,Documentary",6.9,88
tt0247882,tt3512380,8,41,S8,Visibility Zero,Visibility Zero,2005,,22,"Crime,Documentary",7.2,90
tt0247882,tt6025408,8,42,S8,Flashover,Flashover,2006,,22,"Crime,Documentary",6.8,88
tt0247882,tt1025464,9,1,S9,Road Rage,Road Rage,2005,,22,"Crime,Documentary",7.3,99
tt0247882,tt2611204,9,2,S9,Hunter or Hunted?,Hunter or Hunted?,2004,,22,"Crime,Documentary",7.0,95
tt0247882,tt0581459,9,3,S9,In Harm's Way,In Harm's Way,2004,,21,"Crime,Documentary",6.9,95
tt0247882,tt2611206,9,4,S9,No Corpus Delicti,No Corpus Delicti,2004,,21,"Crime,Documentary",7.3,100
tt0247882,tt2611210,9,5,S9,News at 11,News at 11,2004,,22,"Crime,Documentary",7.2,99
tt0247882,tt2611212,9,6,S9,Burning Desire,Burning Desire,2004,,22,"Crime,Documentary",6.9,96
tt0247882,tt2611216,9,7,S9,Cloak of Deceit,Cloak of Deceit,2004,,21,"Crime,Documentary",7.5,94
tt0247882,tt2611220,9,8,S9,Bad Medicine,Bad Medicine,2004,,21,"Crime,Documentary",7.1,90
tt0247882,tt2611222,9,9,S9,Stick 'em Up,Stick 'em Up,2004,,22,"Crime,Documentary",7.5,91
tt0247882,tt2611240,9,10,S9,Head Games,Head Games,2004,,21,"Crime,Documentary",7.2,101
tt0247882,tt2611244,9,11,S9,Making the Collar,Making the Collar,2007,,22,"Crime,Documentary",7.3,90
tt0247882,tt1656304,9,12,S9,The Financial Downfall,The Financial Downfall,2004,,21,"Crime,Documentary",7.6,105
tt0247882,tt0581452,9,13,S9,A Daughter's Journey,A Daughter's Journey,2004,,22,"Crime,Documentary",7.9,128
tt0247882,tt1098682,9,14,S9,Over a Barrel,Over a Barrel,2004,,21,"Crime,Documentary",7.1,92
tt0247882,tt0581461,9,15,S9,Pinned by the Evidence,Pinned by the Evidence,2004,,21,"Crime,Documentary",7.3,102
tt0247882,tt2611250,9,16,S9,Cries Unheard,Cries Unheard,2004,,21,"Crime,Documentary",7.1,101
tt0247882,tt0760682,9,17,S9,Buried Treasure,Buried Treasure,2004,,21,"Crime,Documentary",7.0,104
tt0247882,tt2611256,9,18,S9,Badge of Betrayal,Badge of Betrayal,2004,,22,"Crime,Documentary",7.8,122
tt0247882,tt2611258,9,19,S9,Deadly Matrimony,Deadly Matrimony,2004,,21,"Crime,Documentary",7.6,119
tt0247882,tt1239013,9,20,S9,Muddy Waters,Muddy Waters,2004,,21,"Crime,Documentary",7.3,95
tt0247882,tt0909171,9,21,S9,Point of Origin,Point of Origin,2004,,22,"Crime,Documentary",7.7,111
tt0247882,tt2611264,9,22,S9,Seeds for Doubt,Seeds for Doubt,2004,,22,"Crime,Documentary",7.1,103
tt0247882,tt1611325,9,23,S9,Saving Face,Saving Face,2004,,22,"Crime,Documentary",7.3,111
tt0247882,tt2611274,9,24,S9,Northern Exposure,Northern Exposure,2004,,22,"Crime,Documentary",7.2,99
tt0247882,tt2611278,9,25,S9,Silk Stalkings,Silk Stalkings,2004,,21,"Crime,Documentary",7.4,99
tt0247882,tt2611284,9,26,S9,Fishing for the Truth,Fishing for the Truth,2005,,21,"Crime,Documentary",7.8,105
tt0247882,tt2611286,9,27,S9,For Love or Money,For Love or Money,2005,,22,"Crime,Documentary",7.5,103
tt0247882,tt2611292,9,28,S9,South of the Border,South of the Border,2005,,22,"Crime,Documentary",7.4,100
tt0247882,tt0581468,9,29,S9,The Stake-Out,The Stake-Out,2005,,21,"Crime,Documentary",7.2,97
tt0247882,tt2611296,9,30,S9,Walking Terror,Walking Terror,2005,,22,"Crime,Documentary",7.4,101
tt0247882,tt2616410,10,1,S10,Trial by Fire,Trial by Fire,2005,,,"Crime,Documentary",7.1,73
tt0247882,tt6264384,10,2,S10,Marked for Life,Marked for Life,2005,,21,"Crime,Documentary",7.7,99
tt0247882,tt0766785,10,3,S10,Plastic Puzzle,Plastic Puzzle,2005,,22,"Crime,Documentary",7.4,104
tt0247882,tt2143129,10,4,S10,Up in Smoke,Up in Smoke,2005,,21,"Crime,Documentary",7.2,90
tt0247882,tt0953835,10,5,S10,Soiled Plan,Soiled Plan,2005,,21,"Crime,Documentary",7.1,91
tt0247882,tt0824945,10,6,S10,Headquarters,Headquarters,2005,,21,"Crime,Documentary",6.9,98
tt0247882,tt2616436,10,7,S10,One for the Road,One for the Road,2005,,21,"Crime,Documentary",7.2,97
tt0247882,tt0581454,10,8,S10,Army of Evidence,Army of Evidence,2005,,21,"Crime,Documentary",7.4,85
tt0247882,tt0581464,10,9,S10,Shear Luck,Shear Luck,2005,,21,"Crime,Documentary",7.1,88
tt0247882,tt2616446,10,10,S10,Tagging a Suspect,Tagging a Suspect,2005,,22,"Crime,Documentary",7.7,103
tt0247882,tt2616450,10,11,S10,Strong Impressions,Strong Impressions,2005,,22,"Crime,Documentary",7.4,99
tt0247882,tt2616452,10,12,S10,Cereal Killer,Cereal Killer,2005,,22,"Crime,Documentary",7.7,103
tt0247882,tt2616456,10,13,S10,Crash Course,Crash Course,2005,,21,"Crime,Documentary",7.4,83
tt0247882,tt1106971,10,14,S10,A Leg Up on Crime,A Leg Up on Crime,2006,,22,"Crime,Documentary",7.7,109
tt0247882,tt1755263,10,15,S10,Tight-fitting Genes,Tight-fitting Genes,2005,,21,"Crime,Documentary",7.6,94
tt0247882,tt0581458,10,16,S10,Deadly Valentine,Deadly Valentine,2005,,21,"Crime,Documentary",7.3,91
tt0247882,tt2616464,10,17,S10,Picture This,Picture This,2005,,21,"Crime,Documentary",7.2,83
tt0247882,tt2616466,10,18,S10,Oily in the Morning,Oily in the Morning,2005,,21,"Crime,Documentary",7.3,90
tt0247882,tt2616468,10,19,S10,Gold Rush,Gold Rush,2005,,22,"Crime,Documentary",7.5,105
tt0247882,tt0986733,10,20,S10,Four on the Floor,Four on the Floor,2005,,30,"Crime,Documentary",7.4,99
tt0247882,tt2616472,10,21,S10,Writer's Block,Writer's Block,2005,,21,"Crime,Documentary",7.1,78
tt0247882,tt2616474,10,22,S10,A Clean Getaway,A Clean Getaway,2005,,21,"Crime,Documentary",7.1,80
tt0247882,tt2616476,10,23,S10,Prints Among Thieves,Prints Among Thieves,2005,,21,"Crime,Documentary",7.3,85
tt0247882,tt2616478,10,24,S10,Unholy Alliance,Unholy Alliance,2005,,23,"Crime,Documentary",7.3,92
tt0247882,tt0818366,10,25,S10,"Signed, Sealed, and Delivered","Signed, Sealed, and Delivered",2005,,,"Crime,Documentary",7.8,77
tt0247882,tt2616484,10,26,S10,Cop Out,Cop Out,2005,,22,"Crime,Documentary",7.7,104
tt0247882,tt0760683,10,27,S10,Summer Obsession,Summer Obsession,2005,,22,"Crime,Documentary",7.3,96
tt0247882,tt2616494,10,28,S10,Elemental Clue,Elemental Clue,2006,,21,"Crime,Documentary",7.0,78
tt0247882,tt2616496,10,29,S10,"Moss, Not Grass","Moss, Not Grass",2006,,22,"Crime,Documentary",6.8,100
tt0247882,tt2616500,10,30,S10,Material Witness,Material Witness,2006,,22,"Crime,Documentary",7.2,98
tt0247882,tt2616504,10,31,S10,Garden of Evil,Garden of Evil,2006,,22,"Crime,Documentary",7.5,103
tt0247882,tt2616508,10,32,S10,Sunday School Ambush,Sunday School Ambush,2006,,21,"Crime,Documentary",7.6,92
tt0247882,tt2616510,10,33,S10,Penchant for Poison,Penchant for Poison,2006,,21,"Crime,Documentary",7.1,77
tt0247882,tt2616516,10,34,S10,Bump in the Night,Bump in the Night,2006,,22,"Crime,Documentary",7.2,90
tt0247882,tt2616518,10,35,S10,Sole Searching,Sole Searching,2006,,21,"Crime,Documentary",6.8,78
tt0247882,tt0796443,10,36,S10,Murder on the Menu,Murder on the Menu,2006,,22,"Crime,Documentary",7.4,103
tt0247882,tt2616520,10,37,S10,Hot on the Trail,Hot on the Trail,2006,,22,"Crime,Documentary",7.7,95
tt0247882,tt1909993,10,38,S10,High 'n' Dry,High 'n' Dry,2006,,22,"Crime,Documentary",7.6,101
tt0247882,tt1935453,10,39,S10,To the Viktor,To the Viktor,2006,,22,"Crime,Documentary",7.2,89
tt0247882,tt0799612,10,40,S10,Wired for Disaster,Wired for Disaster,2006,,22,"Crime,Documentary",7.5,111
tt0247882,tt2616532,10,41,S10,Wood-be Killer,Wood-be Killer,2006,,22,"Crime,Documentary",7.5,96
tt0247882,tt0962885,10,42,S10,Enemy Within,Enemy Within,2005,,,"Crime,Documentary",7.1,47
tt0247882,tt0964273,11,1,S11,Naughty or Nyce,Naughty or Nyce,2006,,21,"Crime,Documentary",6.8,88
tt0247882,tt2616542,11,2,S11,Going for Broke,Going for Broke,2006,,21,"Crime,Documentary",6.8,83
tt0247882,tt1022375,11,3,S11,Just Desserts,Just Desserts,2006,,21,"Crime,Documentary",7.3,93
tt0247882,tt0824946,11,4,S11,Sunday's Wake,Sunday's Wake,2006,,21,"Crime,Documentary",7.2,91
tt0247882,tt2616558,11,5,S11,Shattered Dreams,Shattered Dreams,2006,,22,"Crime,Documentary",7.1,94
tt0247882,tt0859982,11,6,S11,Dockter Visit,Dockter Visit,2006,,22,"Crime,Documentary",7.3,98
tt0247882,tt2616566,11,7,S11,Murder She Wrote,Murder She Wrote,2006,,21,"Crime,Documentary",7.1,81
tt0247882,tt2616568,11,8,S11,Concrete Alibi,Concrete Alibi,2006,,21,"Crime,Documentary",7.6,90
tt0247882,tt1228277,11,9,S11,Key Evidence,Key Evidence,2006,,21,"Crime,Documentary",7.3,85
tt0247882,tt2616578,11,10,S11,The Gambler,The Gambler,2006,,21,"Crime,Documentary",6.9,82
tt0247882,tt2616586,11,11,S11,Weakest Link,Weakest Link,2006,,21,"Crime,Documentary",7.1,81
tt0247882,tt0904470,11,12,S11,Capitol Crimes,Capitol Crimes,2006,,22,"Crime,Documentary",7.1,96
tt0247882,tt0904471,11,13,S11,Undertaken,Undertaken,2006,,21,"Crime,Documentary",7.1,79
tt0247882,tt2616592,11,14,S11,Dark Waters,Dark Waters,2006,,21,"Crime,Documentary",6.8,80
tt0247882,tt0921955,11,15,S11,Nice Threads,Nice Threads,2006,,21,"Crime,Documentary",7.4,88
tt0247882,tt2616598,11,16,S11,Grave Danger,Grave Danger,2006,,22,"Crime,Documentary",7.9,106
tt0247882,tt1076397,11,17,S11,Internal Affair,Internal Affair,2006,,21,"Crime,Documentary",7.1,88
tt0247882,tt1230808,11,18,S11,A Case of the Flue,A Case of the Flue,2006,,22,"Crime,Documentary",7.1,91
tt0247882,tt0935430,11,19,S11,No Safe Place,No Safe Place,2006,,21,"Crime,Documentary",7.1,80
tt0247882,tt1392836,11,20,S11,Live Wire,Live Wire,2006,,22,"Crime,Documentary",7.3,93
tt0247882,tt0968408,11,21,S11,Van-ished,Van-ished,2006,,21,"Crime,Documentary",7.6,91
tt0247882,tt2616608,11,22,S11,A Novel Idea,A Novel Idea,2006,,22,"Crime,Documentary",7.5,106
tt0247882,tt1098681,11,23,S11,Chief Suspect,Chief Suspect,2006,,22,"Crime,Documentary",7.6,98
tt0247882,tt2616624,11,24,S11,Water Hazard,Water Hazard,2006,,21,"Crime,Documentary",7.0,85
tt0247882,tt0978923,11,25,S11,Shell Game,Shell Game,2007,,22,"Crime,Documentary",7.3,97
tt0247882,tt0990661,11,26,S11,Ring Him Up,Ring Him Up,2007,,22,"Crime,Documentary",7.7,101
tt0247882,tt2616630,11,27,S11,Killer Impression,Killer Impression,2007,,23,"Crime,Documentary",7.4,91
tt0247882,tt1902257,11,28,S11,If I Were You,If I Were You,2007,,22,"Crime,Documentary",7.3,146
tt0247882,tt0979517,11,29,S11,As the Tide Turns,As the Tide Turns,2007,,21,"Crime,Documentary",7.3,89
tt0247882,tt1228279,11,30,S11,A Tight Leash,A Tight Leash,2007,,22,"Crime,Documentary",7.3,128
tt0247882,tt1902259,11,31,S11,Muffled Cries,Muffled Cries,2007,,22,"Crime,Documentary",7.3,130
tt0247882,tt1902260,11,32,S11,Critical Maneuver,Critical Maneuver,2007,,21,"Crime,Documentary",6.8,79
tt0247882,tt2616686,11,33,S11,Skirting the Evidence,Skirting the Evidence,2007,,22,"Crime,Documentary",7.0,120
tt0247882,tt1061151,11,34,S11,Small Town Terror,Small Town Terror,2007,,22,"Crime,Documentary",7.1,118
tt0247882,tt2616694,11,35,S11,Fresh Heir,Fresh Heir,2007,,22,"Crime,Documentary",7.1,121
tt0247882,tt1907973,11,36,S11,Ticker Tape,Ticker Tape,2007,,21,"Crime,Documentary",7.1,79
tt0247882,tt1907974,11,37,S11,Step by Step,Step by Step,2007,,22,"Crime,Documentary",7.4,112
tt0247882,tt1086478,11,38,S11,Blanket of Evidence,Blanket of Evidence,2007,,22,"Crime,Documentary",7.3,110
tt0247882,tt1771255,11,39,S11,Fired-Up,Fired-Up,2007,,22,"Crime,Documentary",7.0,109
tt0247882,tt1098683,11,40,S11,Two in a Million,Two in a Million,2007,,22,"Crime,Documentary",7.7,118
tt0247882,tt1105406,11,41,S11,Bitter Brew,Bitter Brew,2007,,30,"Crime,Documentary",7.4,106
tt0247882,tt2616706,11,42,S11,Message in a Bottle,Message in a Bottle,2007,,,"Crime,Documentary",7.3,64
tt0247882,tt1146597,12,1,S12,Sharper Image,Sharper Image,2007,,22,"Crime,Documentary",7.7,112
tt0247882,tt1771258,12,2,S12,Insulated Evidence,Insulated Evidence,2007,,21,"Crime,Documentary",7.1,95
tt0247882,tt1771259,12,3,S12,Cold Hearted,Cold Hearted,2007,,21,"Crime,Documentary",7.2,83
tt0247882,tt1771260,12,4,S12,Wheel of Misfortune,Wheel of Misfortune,2007,,22,"Crime,Documentary",7.4,101
tt0247882,tt1260021,12,5,S12,Quite a Spectacle,Quite a Spectacle,2007,,21,"Crime,Documentary",7.1,84
tt0247882,tt1921707,12,6,S12,Transaction Failed,Transaction Failed,2007,,21,"Crime,Documentary",6.9,77
tt0247882,tt1142328,12,7,S12,The Day the Music Died,The Day the Music Died,2007,,22,"Crime,Documentary",7.7,141
tt0247882,tt1274478,12,8,S12,Sole Survivor,Sole Survivor,2007,,22,"Crime,Documentary",7.2,108
tt0247882,tt1917435,12,9,S12,Insignificant Others,Insignificant Others,2007,,21,"Crime,Documentary",7.1,83
tt0247882,tt1927351,12,10,S12,Catch 22,Catch 22,2007,,22,"Crime,Documentary",7.0,103
tt0247882,tt1159052,12,11,S12,A Cinderella Story,A Cinderella Story,2007,,22,"Crime,Documentary",7.1,105
tt0247882,tt1771261,12,12,S12,Screen Pass,Screen Pass,2008,,21,"Crime,Documentary",7.2,74
tt0247882,tt1931900,12,13,S12,Pressed for Crime,Pressed for Crime,2008,,21,"Crime,Documentary",7.1,84
tt0247882,tt1909994,12,14,S12,Finger Pane,Finger Pane,2008,,21,"Crime,Documentary",7.0,84
tt0247882,tt1917436,12,15,S12,Good as Gold,Good as Gold,2008,,21,"Crime,Documentary",7.2,87
tt0247882,tt1195531,12,16,S12,Freedom Fighter,Freedom Fighter,2008,,21,"Crime,Documentary",7.4,80
tt0247882,tt1902262,12,17,S12,Dog Day Afternoon,Dog Day Afternoon,2008,,21,"Crime,Documentary",7.2,82
tt0247882,tt1902263,12,18,S12,Shattered Innocence,Shattered Innocence,2008,,21,"Crime,Documentary",7.1,94
tt0247882,tt1191409,12,19,S12,All Butt Certain,All Butt Certain,2008,,21,"Crime,Documentary",8.0,100
tt0247882,tt1248183,12,20,S12,Jean Pool,Jean Pool,2008,,21,"Crime,Documentary",7.1,83
tt0247882,tt1237141,12,21,S12,Traffic Violations,Traffic Violations,2008,,21,"Crime,Documentary",7.4,85
tt0247882,tt1243437,12,22,S12,Brotherly Love,Brotherly Love,2008,,21,"Crime,Documentary",7.4,82
tt0247882,tt1945611,12,23,S12,Disrobed,Disrobed,2008,,21,"Crime,Documentary",7.6,87
tt0247882,tt1919800,12,24,S12,Driven to Silence,Driven to Silence,2008,,21,"Crime,Documentary",7.3,88
tt0247882,tt1946875,12,25,S12,Printed Proof,Printed Proof,2008,,21,"Crime,Documentary",7.3,87
tt0247882,tt1948831,12,26,S12,About Face,About Face,2008,,21,"Crime,Documentary",7.2,94
tt0247882,tt1948832,12,27,S12,In the Bag,In the Bag,2008,,21,"Crime,Documentary",7.5,81
tt0247882,tt1917437,12,28,S12,Yes in Deed,Yes in Deed,2008,,21,"Crime,Documentary",7.0,76
tt0247882,tt1280208,12,29,S12,Guarded Secrets,Guarded Secrets,2008,,21,"Crime,Documentary",7.2,80
tt0247882,tt1292890,12,30,S12,Smoking Out a Killer,Smoking Out a Killer,2008,,21,"Crime,Documentary",7.2,85
tt0247882,tt1955634,13,1,S13,Frozen Assets,Frozen Assets,2008,,21,"Crime,Documentary",7.0,95
tt0247882,tt1296027,13,2,S13,House Hunting,House Hunting,2008,,21,"Crime,Documentary",7.4,94
tt0247882,tt1367605,13,3,S13,Shoot to Thrill,Shoot to Thrill,2008,,21,"Crime,Documentary",7.3,88
tt0247882,tt1627318,13,4,S13,Political Thriller,Political Thriller,2008,,21,"Crime,Documentary",7.6,88
tt0247882,tt1308429,13,5,S13,Double Cross,Double Cross,2008,,21,"Crime,Documentary",7.6,97
tt0247882,tt1656305,13,6,S13,Dancing with the Devil,Dancing with the Devil,2008,,21,"Crime,Documentary",7.2,87
tt0247882,tt1656306,13,7,S13,Last Dance,Last Dance,2008,,21,"Crime,Documentary",7.0,94
tt0247882,tt1328717,13,8,S13,Constructive Criticism,Constructive Criticism,2008,,21,"Crime,Documentary",7.1,80
tt0247882,tt2617320,13,9,S13,Home Evasion,Home Evasion,2008,,21,"Crime,Documentary",7.5,86
tt0247882,tt1350041,13,10,S13,Window Watcher,Window Watcher,2008,,21,"Crime,Documentary",7.4,86
tt0247882,tt1847944,13,11,S13,Stranger in the Night,Stranger in the Night,2008,,21,"Crime,Documentary",7.7,99
tt0247882,tt2617326,13,12,S13,Kidnapping,Kidnapping,2009,,21,"Crime,Documentary",7.5,88
tt0247882,tt1358312,13,13,S13,Sands of Crime,Sands of Crime,2009,,21,"Crime,Documentary",7.6,107
tt0247882,tt2617330,13,14,S13,Calculated Coincidence,Calculated Coincidence,2009,,21,"Crime,Documentary",7.4,80
tt0247882,tt1370510,13,15,S13,Sworded Scheme,Sworded Scheme,2009,,21,"Crime,Documentary",7.3,99
tt0247882,tt1370511,13,16,S13,Unmasked,Unmasked,2009,,,"Crime,Documentary",7.3,77
tt0247882,tt2617354,13,17,S13,Fashion Police,Fashion Police,2009,,21,"Crime,Documentary",7.4,98
tt0247882,tt1509403,13,18,S13,Church Dis-Service,Church Dis-Service,2009,,21,"Crime,Documentary",7.3,99
tt0247882,tt2617362,13,19,S13,Seedy Intentions,Seedy Intentions,2009,,21,"Crime,Documentary",7.7,106
tt0247882,tt1615610,13,20,S13,DNA Dragnet,DNA Dragnet,2009,,22,"Crime,Documentary",7.4,104
tt0247882,tt1586852,13,21,S13,Smiley Face,Smiley Face,2009,,21,"Crime,Documentary",7.6,84
tt0247882,tt1586849,13,22,S13,Dirty Laundry,Dirty Laundry,2009,,21,"Crime,Documentary",7.1,75
tt0247882,tt1472479,13,23,S13,Drowning Sorrows,Drowning Sorrows,2009,,21,"Crime,Documentary",7.2,76
tt0247882,tt1456709,13,24,S13,As-Fault,As-Fault,2009,,21,"Crime,Documentary",6.9,81
tt0247882,tt1586850,13,25,S13,Family Ties,Family Ties,2009,,21,"Crime,Documentary",8.0,109
tt0247882,tt2252565,13,26,S13,Trouble Brewing,Trouble Brewing,2009,,21,"Crime,Documentary",7.1,72
tt0247882,tt1553471,13,27,S13,Holy Terror,Holy Terror,2009,,21,"Crime,Documentary",6.7,81
tt0247882,tt1934637,13,28,S13,Needle in a Haystack,Needle in a Haystack,2009,,21,"Crime,Documentary",7.3,79
tt0247882,tt1586851,13,29,S13,Room with a View,Room with a View,2009,,22,"Crime,Documentary",7.3,82
tt0247882,tt1949701,13,30,S13,Dollars and Sense,Dollars and Sense,2009,,21,"Crime,Documentary",7.0,77
tt0247882,tt1557975,13,31,S13,Hair Line,Hair Line,2009,,23,"Crime,Documentary",7.5,80
tt0247882,tt1568189,13,32,S13,All That Glitters Is Gold,All That Glitters Is Gold,2009,,21,"Crime,Documentary",7.9,95
tt0247882,tt2618490,13,33,S13,Deadly Rebellion,Deadly Rebellion,2009,,21,"Crime,Documentary",7.3,71
tt0247882,tt2618492,13,34,S13,Sign of the Crime,Sign of the Crime,2009,,21,"Crime,Documentary",7.0,75
tt0247882,tt1557974,13,35,S13,Covet Thy Neighbor,Covet Thy Neighbor,2009,,21,"Crime,Documentary",7.0,80
tt0247882,tt2348415,13,36,S13,Writing on the Wall,Writing on the Wall,2009,,21,"Crime,Documentary",7.4,87
tt0247882,tt2287324,13,37,S13,Hundreds of Reasons,Hundreds of Reasons,2009,,21,"Crime,Documentary",7.2,74
tt0247882,tt1586604,13,38,S13,Cold Feet,Cold Feet,2009,,21,"Crime,Documentary",7.4,76
tt0247882,tt1995679,13,39,S13,Separation Anxiety,Separation Anxiety,2010,,21,"Crime,Documentary",7.2,79
tt0247882,tt2618502,13,40,S13,Office Visit,Office Visit,2010,,22,"Crime,Documentary",7.1,96
tt0247882,tt1595400,13,41,S13,Palm Saturday,Palm Saturday,2010,,22,"Crime,Documentary",7.5,78
tt0247882,tt1649513,13,42,S13,Shoe-in for Murder,Shoe-in for Murder,2010,,21,"Crime,Documentary",7.4,95
tt0247882,tt1605883,13,43,S13,Family Interrupted,Family Interrupted,2010,,21,"Crime,Documentary",7.9,105
tt0247882,tt2324349,13,44,S13,Runaway Love,Runaway Love,2010,,21,"Crime,Documentary",7.4,94
tt0247882,tt2095238,13,45,S13,Watchful Eye,Watchful Eye,2010,,21,"Crime,Documentary",7.5,92
tt0247882,tt2120330,13,46,S13,Waste Mis-Management,Waste Mis-Management,2010,,21,"Crime,Documentary",7.4,91
tt0247882,tt1669372,13,47,S13,Dirty Little Secret,Dirty Little Secret,2010,,21,"Crime,Documentary",8.0,128
tt0247882,tt1761482,13,48,S13,Lights Out,Lights Out,2010,,21,"Crime,Documentary",7.6,105
tt0247882,tt1677218,13,49,S13,Pet Rock,Pet Rock,2010,,21,"Crime,Documentary",7.3,81
tt0247882,tt2111725,13,50,S13,Best Foot Forward,Best Foot Forward,2010,,21,"Crime,Documentary",7.0,76
tt0247882,tt1688792,14,1,S14,Purebread Murder,Purebread Murder,2010,,21,"Crime,Documentary",7.6,114
tt0247882,tt1702115,14,2,S14,Hear No Evil,Hear No Evil,2010,,21,"Crime,Documentary",7.3,105
tt0247882,tt1749694,14,3,S14,Hell's Kitchen,Hell's Kitchen,2010,,21,"Crime,Documentary",7.1,82
tt0247882,tt2618846,14,4,S14,Three's a Crowd,Three's a Crowd,2010,,21,"Crime,Documentary",7.6,105
tt0247882,tt1742800,14,5,S14,A Squire's Riches,A Squire's Riches,2010,,21,"Crime,Documentary",7.4,104
tt0247882,tt1737952,14,6,S14,Home of the Brave,Home of the Brave,2010,,21,"Crime,Documentary",7.3,95
tt0247882,tt1744084,14,7,S14,Freeze Framed,Freeze Framed,2010,,21,"Crime,Documentary",7.7,93
tt0247882,tt1749705,14,8,S14,Touch of Evil,Touch of Evil,2010,,21,"Crime,Documentary",7.2,85
tt0247882,tt1747028,14,9,S14,Textbook Murder,Textbook Murder,2010,,21,"Crime,Documentary",7.3,102
tt0247882,tt1761481,14,10,S14,Filtered Out,Filtered Out,2010,,21,"Crime,Documentary",7.3,101
tt0247882,tt1807258,14,11,S14,Water Logged,Water Logged,2011,,21,"Crime,Documentary",8.0,150
tt0247882,tt1807257,14,12,S14,Social Circle,Social Circle,2010,,21,"Crime,Documentary",7.8,117
tt0247882,tt1825319,14,13,S14,Low Maintenance,Low Maintenance,2011,,21,"Crime,Documentary",7.3,83
tt0247882,tt1793465,14,14,S14,Fate Date,Fate Date,2011,,21,"Crime,Documentary",7.6,93
tt0247882,tt1852386,14,15,S14,Trail of a Killer,Trail of a Killer,2011,,21,"Crime,Documentary",7.7,84
tt0247882,tt1875333,14,16,S14,Gone Ballistic,Gone Ballistic,2011,,21,"Crime,Documentary",7.3,81
tt0247882,tt1936334,14,17,S14,Seeing Red,Seeing Red,2011,,21,"Crime,Documentary",7.5,89
tt0247882,tt1906890,14,18,S14,Auto-Motive,Auto-Motive,2011,,,"Crime,Documentary",7.1,41
tt0247882,tt1934636,14,19,S14,Skeleton Key,Skeleton Key,2011,,21,"Crime,Documentary",7.0,83
tt0247882,tt1942294,14,20,S14,Funeral Services,Funeral Services,2011,,21,"Crime,Documentary",7.1,82
tt0247882,tt1955635,14,21,S14,Expert Witness,Expert Witness,2011,,21,"Crime,Documentary",7.2,68
tt0247882,tt5504962,15,1,S15,Payback,Payback,2001,,60,"Crime,Documentary",7.6,52
tt0247882,tt1214469,15,2,S15,See No Evil,See No Evil,2001,,60,"Crime,Documentary",7.3,52
tt0247882,tt1214470,15,3,S15,The Buddhist Monk Murders,The Buddhist Monk Murders,2001,,60,"Crime,Documentary",7.9,43
tt0247882,tt0487180,,,,The Lindbergh Baby Kidnapping: Investigation Reopened,The Lindbergh Baby Kidnapping: Investigation Reopened,2005,,21,"Crime,Documentary",8.1,34
tt0247882,tt0817403,,,,Eight Men Out,Eight Men Out,2001,,60,"Crime,Documentary",7.7,27
tt0247882,tt2618880,,,,The J.F.K. Assassination: Investigation Reopened,The J.F.K. Assassination: Investigation Reopened,2003,,,"Crime,Documentary",7.9,24
